3D Asset?,Prop ID,Link,Brand,Prop Name,Size,Color,Modsy Color,Vendor Style #/ SKU,Retail,Ghost Product,Living Room,Dining Room,Family Room,Office,Guest Room,Master Bedroom,Guest Bedroom,Kid's Room,Nursery,Entry,Studio,Open Living / Dining Room,Price Point,Pet-Friendly,Kid-Friendly,Mod Visionary,Rustic Warmth,Mod Enthusiast,Atomic Industrial,Mod Collector,Contemporary Connoisseur,Refined Rustic,Contemporary Minimalist,Elegant Connoisseur,Modern Rustic,Refined Modern,Mid-Century Chic,Industrial Visionary,Chic Collector,Comfortably Chic,Updated Traditional,Rustic Traveler,Contemporary Collector,Reclaimed Visionary,Discerning Collector,Less is More Chic,Inviting Industrial,Refined Connoisseur,Urban Collector,Classic Collector,Refined Industrial,Urban Traditional,Vintage Farmhouse,Modern Vintage,Industrial Chic,Farmhouse Chic,Refined Farmhouse,Timeless Traditional,Traditional Collector,Rustic Minimalist,Traditionally Chic,Cost
,,,Loloi,"Caspia-Loloi X Justina Blakeney Collection Charcoal 3'-6"" x 5'-6""",,,Grey,CAPPCAP-03CC003656,$219.00 ,,X,X,X,X,X,X,X,X,X,X,X,X,Opening,,,X,X,X,,X,X,X,X,X,X,X,X,X,X,X,,,X,X,,X,,,X,,X,,,X,,,,,,X,,$89.00 
,,,Loloi,"Caspia-Loloi X Justina Blakeney Collection Charcoal 5'-0"" x 7'-6""",,,Grey,CAPPCAP-03CC005076,$379.00 ,,X,X,X,X,X,X,X,X,X,X,X,X,Mid,,,X,X,X,,X,X,X,X,X,X,X,X,X,X,X,,,X,X,,X,,,X,,X,,,X,,,,,,X,,$155.00 
,,,Loloi,"Caspia-Loloi X Justina Blakeney Collection Charcoal 7'-6"" x 9'-6""",,,Grey,CAPPCAP-03CC007696,$719.00 ,,X,X,X,X,X,X,X,X,X,X,X,X,High,,,X,X,X,,X,X,X,X,X,X,X,X,X,X,X,,,X,X,,X,,,X,,X,,,X,,,,,,X,,$299.00 
,,,Loloi,"Caspia-Loloi X Justina Blakeney Collection Charcoal 9'-3"" X 13'",,,Grey,CAPPCAP-03CC0093D0,"$1,419.00 ",,X,X,X,X,X,X,X,X,X,X,X,X,High,,,X,X,X,,X,X,X,X,X,X,X,X,X,X,X,,,X,X,,X,,,X,,X,,,X,,,,,,X,,$589.00 
,,,Loloi,"Caspia-Loloi X Justina Blakeney Collection Indigo 3'-6"" x 5'-6""",,,Blue,CAPPCAP-03IN003656,$219.00 ,,X,X,X,X,X,X,X,X,X,X,X,X,Opening,,,X,X,X,,X,X,X,X,X,X,X,X,X,X,X,,,X,X,,X,,,X,,X,,,X,,,,,,X,,$89.00 
,,,Loloi,"Caspia-Loloi X Justina Blakeney Collection Indigo 5'-0"" x 7'-6""",,,Blue,CAPPCAP-03IN005076,$379.00 ,,X,X,X,X,X,X,X,X,X,X,X,X,Mid,,,X,X,X,,X,X,X,X,X,X,X,X,X,X,X,,,X,X,,X,,,X,,X,,,X,,,,,,X,,$155.00 
,,,Loloi,"Caspia-Loloi X Justina Blakeney Collection Indigo 7'-6"" x 9'-6""",,,Blue,CAPPCAP-03IN007696,$719.00 ,,X,X,X,X,X,X,X,X,X,X,X,X,High,,,X,X,X,,X,X,X,X,X,X,X,X,X,X,X,,,X,X,,X,,,X,,X,,,X,,,,,,X,,$299.00 
,,,Loloi,"Caspia-Loloi X Justina Blakeney Collection Indigo 9'-3"" X 13'",,,Blue,CAPPCAP-03IN0093D0,"$1,419.00 ",,X,X,X,X,X,X,X,X,X,X,X,X,High,,,X,X,X,,X,X,X,X,X,X,X,X,X,X,X,,,X,X,,X,,,X,,X,,,X,,,,,,X,,$589.00 
,,,Loloi,"Caspia-Loloi X Justina Blakeney Collection Ivory 3'-6"" x 5'-6""",,,Beige,CAPPCAP-01IV003656,$219.00 ,,X,X,X,X,X,X,X,X,X,X,X,X,Opening,,,X,X,X,,X,X,X,X,X,X,X,X,X,X,X,,,X,X,,X,,,X,,X,,,X,,,,,,X,,$89.00 
,,,Loloi,"Caspia-Loloi X Justina Blakeney Collection Ivory 5'-0"" x 7'-6""",,,Beige,CAPPCAP-01IV005076,$379.00 ,,X,X,X,X,X,X,X,X,X,X,X,X,Mid,,,X,X,X,,X,X,X,X,X,X,X,X,X,X,X,,,X,X,,X,,,X,,X,,,X,,,,,,X,,$155.00 
,,,Loloi,"Caspia-Loloi X Justina Blakeney Collection Ivory 7'-6"" x 9'-6""",,,Beige,CAPPCAP-01IV007696,$719.00 ,,X,X,X,X,X,X,X,X,X,X,X,X,High,,,X,X,X,,X,X,X,X,X,X,X,X,X,X,X,,,X,X,,X,,,X,,X,,,X,,,,,,X,,$299.00 
,,,Loloi,"Caspia-Loloi X Justina Blakeney Collection Ivory 9'-3"" X 13'",,,Beige,CAPPCAP-01IV0093D0,"$1,419.00 ",,X,X,X,X,X,X,X,X,X,X,X,X,High,,,X,X,X,,X,X,X,X,X,X,X,X,X,X,X,,,X,X,,X,,,X,,X,,,X,,,,,,X,,$589.00 
,,,Loloi,"Caspia-Loloi X Justina Blakeney Collection Silver 3'-6"" x 5'-6""",,,Silver,CAPPCAP-02SI003656,$219.00 ,,X,X,X,X,X,X,X,X,X,X,X,X,Opening,,,X,X,X,,X,X,X,X,X,X,X,X,X,X,X,,,X,X,,X,,,X,,X,,,X,,,,,,X,,$89.00 
,,,Loloi,"Caspia-Loloi X Justina Blakeney Collection Silver 5'-0"" x 7'-6""",,,Silver,CAPPCAP-02SI005076,$379.00 ,,X,X,X,X,X,X,X,X,X,X,X,X,Mid,,,X,X,X,,X,X,X,X,X,X,X,X,X,X,X,,,X,X,,X,,,X,,X,,,X,,,,,,X,,$155.00 
,,,Loloi,"Caspia-Loloi X Justina Blakeney Collection Silver 7'-6"" x 9'-6""",,,Silver,CAPPCAP-02SI007696,$719.00 ,,X,X,X,X,X,X,X,X,X,X,X,X,High,,,X,X,X,,X,X,X,X,X,X,X,X,X,X,X,,,X,X,,X,,,X,,X,,,X,,,,,,X,,$299.00 
,,,Loloi,"Caspia-Loloi X Justina Blakeney Collection Silver 9'-3"" X 13'",,,Silver,CAPPCAP-02SI0093D0,"$1,419.00 ",,X,X,X,X,X,X,X,X,X,X,X,X,High,,,X,X,X,,X,X,X,X,X,X,X,X,X,X,X,,,X,X,,X,,,X,,X,,,X,,,,,,X,,$589.00 
,,,Loloi,"Caspia-Loloi X Justina Blakeney Collection Teal 3'-6"" x 5'-6""",,,Blue,CAPPCAP-04TE003656,$219.00 ,,X,X,X,X,X,X,X,X,X,X,X,X,Opening,,,X,X,X,,X,X,X,X,X,X,X,X,X,X,X,,,X,X,,X,,,X,,X,,,X,,,,,,X,,$89.00 
,,,Loloi,"Caspia-Loloi X Justina Blakeney Collection Teal 5'-0"" x 7'-6""",,,Blue,CAPPCAP-04TE005076,$379.00 ,,X,X,X,X,X,X,X,X,X,X,X,X,Mid,,,X,X,X,,X,X,X,X,X,X,X,X,X,X,X,,,X,X,,X,,,X,,X,,,X,,,,,,X,,$155.00 
,,,Loloi,"Caspia-Loloi X Justina Blakeney Collection Teal 7'-6"" x 9'-6""",,,Blue,CAPPCAP-04TE007696,$719.00 ,,X,X,X,X,X,X,X,X,X,X,X,X,High,,,X,X,X,,X,X,X,X,X,X,X,X,X,X,X,,,X,X,,X,,,X,,X,,,X,,,,,,X,,$299.00 
,,,Loloi,"Caspia-Loloi X Justina Blakeney Collection Teal 9'-3"" X 13'",,,Blue,CAPPCAP-04TE0093D0,"$1,419.00 ",,X,X,X,X,X,X,X,X,X,X,X,X,High,,,X,X,X,,X,X,X,X,X,X,X,X,X,X,X,,,X,X,,X,,,X,,X,,,X,,,,,,X,,$589.00 
,,,Loloi,"Fante-Loloi X Justina Blakeney Collection Charcoal 3'-6"" x 5'-6""",,,Grey,FANTFAN-01CC003656,$189.00 ,,X,X,X,X,X,X,X,X,X,X,X,X,Opening,,,X,,X,,X,,,,,,,,X,X,,,X,X,X,X,,,,X,,,,,,,,,,,,,$79.00 
,,,Loloi,"Fante-Loloi X Justina Blakeney Collection Lt.Blue 3'-6"" x 5'-6""",,,Blue,FANTFAN-03LB003656,$189.00 ,,X,X,X,X,X,X,X,X,X,X,X,X,Opening,,,X,,X,,X,,,,,,,,X,X,,,X,X,X,X,,,,X,,,,,,,,,,,,,$79.00 
,,,Loloi,"Fante-Loloi X Justina Blakeney Collection Terracotta 3'-6"" x 5'-6""",,,Blue,FANTFAN-04TC003656,$189.00 ,,X,X,X,X,X,X,X,X,X,X,X,X,Opening,,,X,,X,,X,,,,,,,,X,X,,,X,X,X,X,,,,X,,,,,,,,,,,,,$79.00 
,,,Loloi,"Feroz-Loloi X Justina Blakeney Collection Berry 5'-0"" x 7'-6""",,,Red,FEROFER-04BY005076,$349.00 ,,X,X,X,X,X,X,X,X,X,X,X,X,Mid,,,X,,X,,X,,,,,,,,X,X,,,X,X,X,X,,,,X,,,,,,,,,,,,,$145.00 
,,,Loloi,"Feroz-Loloi X Justina Blakeney Collection Gold 5'-0"" x 7'-6""",,,Gold,FEROFER-02GO005076,$349.00 ,,X,X,X,X,X,X,X,X,X,X,X,X,Mid,,,X,,X,,X,,,,,,,,X,X,,,X,X,X,X,,,,X,,,,,,,,,,,,,$145.00 
,,,Loloi,"Feroz-Loloi X Justina Blakeney Collection Silver 5'-0"" x 7'-6""",,,Silver,FEROFER-01SI005076,$349.00 ,,X,X,X,X,X,X,X,X,X,X,X,X,Mid,,,X,,X,,X,,,,,,,,X,X,,,X,X,X,X,,,,X,,,,,,,,,,,,,$145.00 
,,,Loloi,"Feroz-Loloi X Justina Blakeney Collection Tangerine 5'-0"" x 7'-6""",,,Orange,FEROFER-05TG005076,$349.00 ,,X,X,X,X,X,X,X,X,X,X,X,X,Mid,,,X,,X,,X,,,,,,,,X,X,,,X,X,X,X,,,,X,,,,,,,,,,,,,$145.00 
,,,Loloi,"Feroz-Loloi X Justina Blakeney Collection Teal 5'-0"" x 7'-6""",,,Blue,FEROFER-03TE005076,$349.00 ,,X,X,X,X,X,X,X,X,X,X,X,X,Mid,,,X,,X,,X,,,,,,,,X,X,,,X,X,X,X,,,,X,,,,,,,,,,,,,$145.00 
,,,Loloi,"Isle Blue/Grey 3'-11"" X 5'-10""",,,Blue,ISLEIE-07BBGY3B5A,$89.00 ,,X,X,X,X,X,X,X,X,X,X,X,X,Opening,,,X,,X,,X,,,,,,X,X,,,,X,,X,,,X,X,,,,,X,,,,,,,X,,,$35.00 
,,,Loloi,"Isle Blue/Grey 5'-3"" X 7'-7""",,,Blue,ISLEIE-07BBGY5377,$139.00 ,,X,X,X,X,X,X,X,X,X,X,X,X,Opening,,,X,,X,,X,,,,,,X,X,,,,X,,X,,,X,X,,,,,X,,,,,,,X,,,$55.00 
,,,Loloi,"Isle Blue/Grey 7'-10"" X 10'-9""",,,Blue,ISLEIE-07BBGY7AA9,$339.00 ,,X,X,X,X,X,X,X,X,X,X,X,X,Opening,,,X,,X,,X,,,,,,X,X,,,,X,,X,,,X,X,,,,,X,,,,,,,X,,,$139.00 
,,,Loloi,"Isle Blue/Grey 9'-2"" x 12'-1""",,,Blue,ISLEIE-07BBGY92C1,$519.00 ,,X,X,X,X,X,X,X,X,X,X,X,X,Mid,,,X,,X,,X,,,,,,X,X,,,,X,,X,,,X,X,,,,,X,,,,,,,X,,,$215.00 
,,,Loloi,"Isle Brown/Black 3'-11"" X 5'-10""",,,Black,ISLEIE-09BRBL3B5A,$89.00 ,,X,X,X,X,X,X,X,X,X,X,X,X,Opening,,,X,,X,X,X,,,X,,,X,,X,,,,,X,X,X,X,X,,X,,,,,,,,,,,,,$35.00 
,,,Loloi,"Isle Brown/Black 5'-3"" X 7'-7""",,,Black,ISLEIE-09BRBL5377,$139.00 ,,X,X,X,X,X,X,X,X,X,X,X,X,Opening,,,X,,X,X,X,,,X,,,X,,X,,,,,X,X,X,X,X,,X,,,,,,,,,,,,,$55.00 
,,,Loloi,"Isle Brown/Black 7'-10"" X 10'-9""",,,Black,ISLEIE-09BRBL7AA9,$339.00 ,,X,X,X,X,X,X,X,X,X,X,X,X,Mid,,,X,,X,X,X,,,X,,,X,,X,,,,,X,X,X,X,X,,X,,,,,,,,,,,,,$139.00 
,,,Loloi,"Isle Brown/Black 9'-2"" x 12'-1""",,,Black,ISLEIE-09BRBL92C1,$519.00 ,,X,X,X,X,X,X,X,X,X,X,X,X,Mid,,,X,,X,X,X,,,X,,,X,,X,,,,,,,,,X,,X,,,,,,,,,,,,,$215.00 
,,,Loloi,"Isle Grey/Aqua 3'-11"" X 5'-10""",,,Grey,ISLEIE-10GYAQ3B5A,$89.00 ,,X,X,X,X,X,X,X,X,X,X,X,X,Opening,,,,,,,,,,,,,,,,,,,,,,,,,,,,,,,,,,,,,,,$35.00 
,,,Loloi,"Isle Grey/Aqua 5'-3"" X 7'-7""",,,Grey,ISLEIE-10GYAQ5377,$139.00 ,,X,X,X,X,X,X,X,X,X,X,X,X,Opening,,,X,,X,X,X,,,,,X,X,,X,X,,,X,X,X,,,,,,,,,,,,,,,,,,$55.00 
,,,Loloi,"Isle Grey/Aqua 7'-10"" X 10'-9""",,,Grey,ISLEIE-10GYAQ7AA9,$339.00 ,,X,X,X,X,X,X,X,X,X,X,X,X,Mid,,,X,,X,X,X,,,,,X,X,,X,X,,,X,X,X,,,,,,,,,,,,,,,,,,$139.00 
,,,Loloi,"Isle Grey/Aqua 9'-2"" x 12'-1""",,,Grey,ISLEIE-10GYAQ92C1,$519.00 ,,X,X,X,X,X,X,X,X,X,X,X,X,Mid,,,X,,X,X,X,,,,,X,X,,X,X,,,X,X,X,,,,,,,,,,,,,,,,,,$215.00 
,,,Loloi,"Isle Grey/Charcoal 3'-11"" X 5'-10""",,,Grey,ISLEIE-06GYCC3B5A,$89.00 ,,X,X,X,X,X,X,X,X,X,X,X,X,Opening,,,X,,X,X,X,,,,,,X,X,X,,,X,,X,X,X,,,,,,,,,,X,,,,,,X,$35.00 
,,,Loloi,"Isle Grey/Charcoal 5'-3"" X 7'-7""",,,Grey,ISLEIE-06GYCC5377,$139.00 ,,X,X,X,X,X,X,X,X,X,X,X,X,Opening,,,X,,X,X,X,,,,,,X,X,X,,,X,,X,X,X,,,,,,,,,,X,,,,,,X,$55.00 
,,,Loloi,"Isle Grey/Charcoal 7'-10"" X 10'-9""",,,Grey,ISLEIE-06GYCC7AA9,$339.00 ,,X,X,X,X,X,X,X,X,X,X,X,X,Opening,,,X,,X,X,X,,,,,,X,X,X,,,X,,X,X,X,,,,,,,,,,X,,,,,,X,$139.00 
,,,Loloi,"Isle Grey/Charcoal 9'-2"" x 12'-1""",,,Grey,ISLEIE-06GYCC92C1,$519.00 ,,X,X,X,X,X,X,X,X,X,X,X,X,Mid,,,X,,X,X,X,,,,,,X,X,X,,,X,,X,X,X,,,,,,,,,,X,,,,,,X,$215.00 
,,,Loloi,"Isle Natural/Black 3'-11"" X 5'-10""",,,Black,ISLEIE-08NABL3B5A,$89.00 ,,X,X,X,X,X,X,X,X,X,X,X,X,Opening,,,X,,X,X,X,,,X,,,X,,X,,,,,X,X,X,X,,,,,,,,,X,,,,,,,$35.00 
,,,Loloi,"Isle Natural/Black 5'-3"" X 7'-7""",,,Black,ISLEIE-08NABL5377,$139.00 ,,X,X,X,X,X,X,X,X,X,X,X,X,Opening,,,X,,X,X,X,,,X,,,X,,X,,,,,X,X,X,X,,,,,,,,,X,,,,,,,$55.00 
,,,Loloi,"Isle Natural/Black 7'-10"" X 10'-9""",,,Black,ISLEIE-08NABL7AA9,$339.00 ,,X,X,X,X,X,X,X,X,X,X,X,X,Opening,,,X,,X,X,X,,,X,,,X,,X,,,,,X,X,X,X,,,,,,,,,X,,,,,,,$139.00 
,,,Loloi,"Isle Natural/Black 9'-2"" x 12'-1""",,,Black,ISLEIE-08NABL92C1,$519.00 ,,X,X,X,X,X,X,X,X,X,X,X,X,Mid,,,X,,X,X,X,,,X,,,X,,X,,,,,X,X,X,X,,,,,,,,,X,,,,,,,$215.00 
,,,Loloi,"Isle Rust/Beige 3'-11"" X 5'-10""",,,Orange,ISLEIE-05RUBE3B5A,$89.00 ,,X,X,X,X,X,X,X,X,X,X,X,X,Opening,,,X,X,X,X,X,X,,,,X,X,,X,,X,,,X,X,,,,,X,,,X,,X,X,X,,,X,,,$35.00 
,,,Loloi,"Isle Rust/Beige 5'-3"" X 7'-7""",,,Orange,ISLEIE-05RUBE5377,$139.00 ,,X,X,X,X,X,X,X,X,X,X,X,X,Opening,,,X,X,X,X,X,X,,,,X,X,,X,,X,,,X,X,,,,,X,,,X,,X,X,X,,,X,,,$55.00 
,,,Loloi,"Isle Rust/Beige 7'-10"" X 10'-9""",,,Orange,ISLEIE-05RUBE7AA9,$339.00 ,,X,X,X,X,X,X,X,X,X,X,X,X,Mid,,,X,X,X,X,X,X,,,,X,X,,X,,X,,,X,X,,,,,X,,,X,,X,X,X,,,X,,,$139.00 
,,,Loloi,"Isle Rust/Beige 9'-2"" x 12'-1""",,,Orange,ISLEIE-05RUBE92C1,$519.00 ,,X,X,X,X,X,X,X,X,X,X,X,X,Mid,,,X,X,X,X,X,X,,,,X,X,,X,,X,,,X,X,,,,,X,,,X,,X,X,X,,,X,,,$215.00 
,,,Loloi ,"Revere Avocado/Multi 11'-6"" X 15'-6""",,,Green,REVRREV-07AVMLB6F6,"$1,789.00 ",,X,X,X,X,X,X,X,X,X,X,X,X,High,,,X,,X,,X,X,,,,,X,,,,,,X,,X,,,,,X,,,X,,,X,,,,,,,$779.00 
,,,Loloi ,"Revere Avocado/Multi 2'-6"" x 10'-0""",,,Green,REVRREV-07AVML26A0,$219.00 ,,X,X,X,X,X,X,X,X,X,X,X,X,Opening,,,X,,X,,X,X,,,,,X,,,,,,X,,X,,,,,X,,,X,,,X,,,,,,,$90.00 
,,,Loloi ,"Revere Avocado/Multi 2'-6"" x 16'-0""",,,Green,REVRREV-07AVML26G0,$359.00 ,,X,X,X,X,X,X,X,X,X,X,X,X,Mid,,,X,,X,,X,X,,,,,X,,,,,,X,,X,,,,,X,,,X,,,X,,,,,,,$149.00 
,,,Loloi ,"Revere Avocado/Multi 2'-6"" x 8'-0""",,,Green,REVRREV-07AVML2680,$179.00 ,,X,X,X,X,X,X,X,X,X,X,X,X,Opening,,,X,,X,,X,X,,,,,X,,,,,,X,,X,,,,,X,,,X,,,X,,,,,,,$75.00 
,,,Loloi ,"Revere Avocado/Multi 3'-9"" x 5'-9""",,,Green,REVRREV-07AVML3959,$189.00 ,,X,X,X,X,X,X,X,X,X,X,X,X,Opening,,,X,,X,,X,X,,,,,X,,,,,,X,,X,,,,,X,,,X,,,X,,,,,,,$79.00 
,,,Loloi ,"Revere Avocado/Multi 5'-0"" x 8'-0""",,,Green,REVRREV-07AVML5080,$309.00 ,,X,X,X,X,X,X,X,X,X,X,X,X,Opening,,,X,,X,,X,X,,,,,X,,,,,,X,,X,,,,,X,,,X,,,X,,,,,,,$129.00 
,,,Loloi ,"Revere Avocado/Multi 7'-10"" X 10'",,,Green,REVRREV-07AVML7AA0,$699.00 ,,X,X,X,X,X,X,X,X,X,X,X,X,High,,,X,,X,,X,X,,,,,X,,,,,,X,,X,,,,,X,,,X,,,X,,,,,,,$289.00 
,,,Loloi ,"Revere Avocado/Multi 9'-6"" X 12'-5""",,,Green,REVRREV-07AVML96C5,"$1,189.00 ",,X,X,X,X,X,X,X,X,X,X,X,X,High,,,X,,X,,X,X,,,,,X,,,,,,X,,X,,,,,X,,,X,,,X,,,,,,,$495.00 
,,,Loloi ,"Revere Granite/Blue 11'-6"" X 15'-6""",,,Blue,REVRREV-08GNBBB6F6,"$1,789.00 ",,X,X,X,X,X,X,X,X,X,X,X,X,High,,,,,,X,,X,,X,,,,,X,,,,X,,X,,X,,,X,,X,,,X,,,,X,,,X,$779.00 
,,,Loloi ,"Revere Granite/Blue 2'-6"" x 10'-0""",,,Blue,REVRREV-08GNBB26A0,$219.00 ,,X,X,X,X,X,X,X,X,X,X,X,X,Opening,,,,,,X,,X,,X,,,,,X,,,,X,,X,,X,,,X,,X,,,X,,,,X,,,X,$90.00 
,,,Loloi ,"Revere Granite/Blue 2'-6"" x 16'-0""",,,Blue,REVRREV-08GNBB26G0,$359.00 ,,X,X,X,X,X,X,X,X,X,X,X,X,Mid,,,,,,X,,X,,X,,,,,X,,,,X,,X,,X,,,X,,X,,,X,,,,X,,,X,$149.00 
,,,Loloi ,"Revere Granite/Blue 2'-6"" x 8'-0""",,,Blue,REVRREV-08GNBB2680,$179.00 ,,X,X,X,X,X,X,X,X,X,X,X,X,Opening,,,,,,X,,X,,X,,,,,X,,,,X,,X,,X,,,X,,X,,,X,,,,X,,,X,$75.00 
,,,Loloi ,"Revere Granite/Blue 3'-9"" x 5'-9""",,,Blue,REVRREV-08GNBB3959,$189.00 ,,X,X,X,X,X,X,X,X,X,X,X,X,Opening,,,,,,X,,X,,X,,,,,X,,,,X,,X,,X,,,X,,X,,,X,,,,X,,,X,$79.00 
,,,Loloi ,"Revere Granite/Blue 5'-0"" x 8'-0""",,,Blue,REVRREV-08GNBB5080,$309.00 ,,X,X,X,X,X,X,X,X,X,X,X,X,Opening,,,,,,X,,X,,X,,,,,X,,,,X,,X,,X,,,X,,X,,,X,,,,X,,,X,$129.00 
,,,Loloi ,"Revere Granite/Blue 7'-10"" X 10'",,,Blue,REVRREV-08GNBB7AA0,$699.00 ,,X,X,X,X,X,X,X,X,X,X,X,X,High,,,,,,X,,X,,X,,,,,X,,,,X,,X,,X,,,X,,X,,,X,,,,X,,,X,$289.00 
,,,Loloi ,"Revere Granite/Blue 9'-6"" X 12'-5""",,,Blue,REVRREV-08GNBB96C5,"$1,189.00 ",,X,X,X,X,X,X,X,X,X,X,X,X,High,,,,,,X,,X,,X,,,,,X,,,,X,,X,,X,,,X,,X,,,X,,,,X,,,X,$495.00 
,,,Loloi ,"Revere Grey/Multi 11'-6"" X 15'-6""",,,Grey,REVRREV-03GYMLB6F6,"$1,789.00 ",,X,X,X,X,X,X,X,X,X,X,X,X,High,,,,,X,X,X,X,,,,X,,,X,X,,X,X,X,X,,,X,,X,,X,X,X,,X,X,X,,,X,X,$779.00 
,,,Loloi ,"Revere Grey/Multi 2'-6"" x 10'-0""",,,Grey,REVRREV-03GYML26A0,$219.00 ,,X,X,X,X,X,X,X,X,X,X,X,X,Opening,,,,X,,X,X,,X,,,X,,,X,X,,X,X,,X,,,X,,X,,,X,X,,X,X,X,,,,X,$90.00 
,,,Loloi ,"Revere Grey/Multi 2'-6"" x 16'-0""",,,Grey,REVRREV-03GYML26G0,$359.00 ,,X,X,X,X,X,X,X,X,X,X,X,X,Mid,,,,,X,X,X,X,,,,X,,,X,X,,X,X,X,X,,,X,,X,,X,X,X,,X,X,X,,,X,X,$149.00 
,,,Loloi ,"Revere Grey/Multi 2'-6"" x 8'-0""",,,Grey,REVRREV-03GYML2680,$179.00 ,,X,X,X,X,X,X,X,X,X,X,X,X,Opening,,,,X,,X,X,,X,,,X,,,X,X,,X,X,,X,,,X,,X,,,X,X,,X,X,X,,,,X,$75.00 
,,,Loloi ,"Revere Grey/Multi 3'-9"" x 5'-9""",,,Grey,REVRREV-03GYML3959,$189.00 ,,X,X,X,X,X,X,X,X,X,X,X,X,Opening,,,,,X,X,X,X,,,,X,,,X,X,,X,X,X,X,,,X,,X,,X,X,X,,X,X,X,,,X,X,$79.00 
,,,Loloi ,"Revere Grey/Multi 5'-0"" x 8'-0""",,,Grey,REVRREV-03GYML5080,$309.00 ,,X,X,X,X,X,X,X,X,X,X,X,X,Opening,,,,,X,X,X,X,,,,X,,,X,X,,X,X,X,X,,,X,,X,,X,X,X,,X,X,X,,,X,X,$129.00 
,,,Loloi ,"Revere Grey/Multi 7'-10"" X 10'",,,Grey,REVRREV-03GYML7AA0,$699.00 ,,X,X,X,X,X,X,X,X,X,X,X,X,High,,,,,X,X,X,X,,,,X,,,X,X,,X,X,X,X,,,X,,X,,X,X,X,,X,X,X,,,X,X,$289.00 
,,,Loloi ,"Revere Grey/Multi 9'-6"" X 12'-5""",,,Grey,REVRREV-03GYML96C5,"$1,189.00 ",,X,X,X,X,X,X,X,X,X,X,X,X,High,,,,,X,X,X,X,,,,X,,,X,X,,X,X,X,X,,,X,,X,,X,X,X,,X,X,X,,,X,X,$495.00 
,,,Loloi ,"Revere Ivory/Berry 11'-6"" X 15'-6""",,,Beige,REVRREV-04IVBYB6F6,"$1,789.00 ",,X,X,X,X,X,X,X,X,X,X,X,X,High,,,,X,,X,,,X,,X,X,X,,X,,,X,X,,X,,,,,X,,,X,X,X,,,,X,,X,,$779.00 
,,,Loloi ,"Revere Ivory/Berry 2'-6"" x 10'-0""",,,Beige,REVRREV-04IVBY26A0,$219.00 ,,X,X,X,X,X,X,X,X,X,X,X,X,Opening,,,,X,,X,,,X,,X,X,X,,X,,,X,X,,X,,,,,X,,,X,X,X,,,,X,,X,,$90.00 
,,,Loloi ,"Revere Ivory/Berry 2'-6"" x 16'-0""",,,Beige,REVRREV-04IVBY26G0,$359.00 ,,X,X,X,X,X,X,X,X,X,X,X,X,Mid,,,,X,,X,,,X,,X,X,X,,X,,,X,X,,X,,,,,X,,,X,X,X,,,,X,,X,,$149.00 
,,,Loloi ,"Revere Ivory/Berry 2'-6"" x 8'-0""",,,Beige,REVRREV-04IVBY2680,$179.00 ,,X,X,X,X,X,X,X,X,X,X,X,X,Opening,,,,X,,X,,,X,,X,X,X,,X,X,,X,X,,X,,,,,X,,,X,X,X,,,,X,,X,,$75.00 
,,,Loloi ,"Revere Ivory/Berry 3'-9"" x 5'-9""",,,Beige,REVRREV-04IVBY3959,$189.00 ,,X,X,X,X,X,X,X,X,X,X,X,X,Opening,,,,X,,X,,,X,,X,X,X,,X,,,X,X,,X,,,,,X,,,X,X,X,,,,X,,X,,$79.00 
,,,Loloi ,"Revere Ivory/Berry 5'-0"" x 8'-0""",,,Beige,REVRREV-04IVBY5080,$309.00 ,,X,X,X,X,X,X,X,X,X,X,X,X,Opening,,,,X,,X,,,X,,X,X,X,,X,,,X,X,,X,,,,,X,,,X,X,X,,,,X,,X,,$129.00 
,,,Loloi ,"Revere Ivory/Berry 7'-10"" X 10'",,,Beige,REVRREV-04IVBY7AA0,$699.00 ,,X,X,X,X,X,X,X,X,X,X,X,X,High,,,,X,,X,,,X,,X,X,X,,X,,,X,X,,X,,,,,X,,,X,X,X,,,,X,,X,,$289.00 
,,,Loloi ,"Revere Ivory/Berry 9'-6"" X 12'-5""",,,Beige,REVRREV-04IVBY96C5,"$1,189.00 ",,X,X,X,X,X,X,X,X,X,X,X,X,High,,,,X,,X,,,X,,X,X,X,,X,,,X,X,,X,,,,,X,,,X,X,X,,,,X,,X,,$495.00 
,,,Loloi ,"Revere Ivory/Blue 11'-6"" X 15'-6""",,,Blue,REVRREV-06IVBBB6F6,"$1,789.00 ",,X,X,X,X,X,X,X,X,X,X,X,X,High,,,,X,,X,,,X,,,X,X,,X,,,X,X,,X,,,X,,X,X,X,X,X,,X,X,X,,,,,$779.00 
,,,Loloi ,"Revere Ivory/Blue 2'-6"" x 10'-0""",,,Blue,REVRREV-06IVBB26A0,$219.00 ,,X,X,X,X,X,X,X,X,X,X,X,X,Opening,,,,X,,X,,,X,,,X,X,,X,,,X,X,,X,,,X,,X,X,X,X,X,,X,X,X,,,,,$90.00 
,,,Loloi ,"Revere Ivory/Blue 2'-6"" x 16'-0""",,,Blue,REVRREV-06IVBB26G0,$359.00 ,,X,X,X,X,X,X,X,X,X,X,X,X,Mid,,,,X,,X,,,X,,,X,X,,X,,,X,X,,X,,,X,,X,X,X,X,X,,X,X,X,,,,,$149.00 
,,,Loloi ,"Revere Ivory/Blue 2'-6"" x 8'-0""",,,Blue,REVRREV-06IVBB2680,$179.00 ,,X,X,X,X,X,X,X,X,X,X,X,X,Opening,,,,X,,,,,,,,,,,,,,X,,,,,,,,,,,,,,,,,,,,,$75.00 
,,,Loloi ,"Revere Ivory/Blue 3'-9"" x 5'-9""",,,Blue,REVRREV-06IVBB3959,$189.00 ,,X,X,X,X,X,X,X,X,X,X,X,X,Opening,,,,X,,X,,,X,,,X,X,,X,,,X,X,,X,,,X,,X,X,X,X,X,,X,X,X,,,,,$79.00 
,,,Loloi ,"Revere Ivory/Blue 5'-0"" x 8'-0""",,,Blue,REVRREV-06IVBB5080,$309.00 ,,X,X,X,X,X,X,X,X,X,X,X,X,Opening,,,,X,,X,,,X,,,X,X,,X,,,X,X,,X,,,X,,X,X,X,X,X,,X,X,X,,,,,$129.00 
,,,Loloi ,"Revere Ivory/Blue 7'-10"" X 10'",,,Blue,REVRREV-06IVBB7AA0,$699.00 ,,X,X,X,X,X,X,X,X,X,X,X,X,High,,,,X,,X,,,X,,,X,X,,X,,,X,X,,X,,,X,,X,X,X,X,X,,X,X,X,,,,,$289.00 
,,,Loloi ,"Revere Ivory/Blue 9'-6"" X 12'-5""",,,Blue,REVRREV-06IVBB96C5,"$1,189.00 ",,X,X,X,X,X,X,X,X,X,X,X,X,High,,,,X,,X,,,X,,,X,X,,X,,,X,X,,X,,,X,,X,X,X,X,X,,X,X,X,,,,,$495.00 
,,,Loloi ,"Revere LightBlue/Multi 11'-6"" X 15'-6""",,,Blue,REVRREV-09LBMLB6F6,"$1,789.00 ",,X,X,X,X,X,X,X,X,X,X,X,X,High,,,X,,X,X,,,,,,X,X,,,,,,,X,,,,,X,,,,X,,X,,,,,,,,$779.00 
,,,Loloi ,"Revere LightBlue/Multi 2'-6"" x 10'-0""",,,Blue,REVRREV-09LBML26A0,$219.00 ,,X,X,X,X,X,X,X,X,X,X,X,X,Opening,,,X,,X,X,,,,,,X,X,,,,,,,X,,,,,X,,,,X,,X,,,,,,,,$90.00 
,,,Loloi ,"Revere LightBlue/Multi 2'-6"" x 16'-0""",,,Blue,REVRREV-09LBML26G0,$359.00 ,,X,X,X,X,X,X,X,X,X,X,X,X,Mid,,,X,,X,X,,,,,,X,X,,,,,,,X,,,,,X,,,,X,,X,,,,,,,,$149.00 
,,,Loloi ,"Revere LightBlue/Multi 2'-6"" x 8'-0""",,,Blue,REVRREV-09LBML2680,$179.00 ,,X,X,X,X,X,X,X,X,X,X,X,X,Opening,,,X,,X,X,,,,,,X,X,,,,,,,X,,,,,X,,,,X,,X,,,,,,,,$75.00 
,,,Loloi ,"Revere LightBlue/Multi 3'-9"" x 5'-9""",,,Blue,REVRREV-09LBML3959,$189.00 ,,X,X,X,X,X,X,X,X,X,X,X,X,Opening,,,X,,X,X,,,,,,X,X,,,,,,,X,,,,,X,,,,X,,X,,,,,,,,$79.00 
,,,Loloi ,"Revere LightBlue/Multi 5'-0"" x 8'-0""",,,Blue,REVRREV-09LBML5080,$309.00 ,,X,X,X,X,X,X,X,X,X,X,X,X,Opening,,,X,,X,X,,,,,,X,X,,,,,,,X,,,,,X,,,,X,,X,,,,,,,,$129.00 
,,,Loloi ,"Revere LightBlue/Multi 7'-10"" X 10'",,,Blue,REVRREV-09LBML7AA0,$699.00 ,,X,X,X,X,X,X,X,X,X,X,X,X,High,,,X,,X,X,,,,,,X,X,,,,,,,X,,,,,X,,,,X,,X,,,,,,,,$289.00 
,,,Loloi ,"Revere LightBlue/Multi 9'-6"" X 12'-5""",,,Blue,REVRREV-09LBML96C5,"$1,189.00 ",,X,X,X,X,X,X,X,X,X,X,X,X,High,,,X,,X,X,,,,,,X,X,,,,,,,X,,,,,X,,,,X,,X,,,,,,,,$495.00 
,,,Loloi ,"Revere Lilac 11'-6"" X 15'-6""",,,Pink,REVRREV-05LI00B6F6,"$1,789.00 ",,X,X,X,X,X,X,X,X,X,X,X,X,High,,,X,,,X,,,X,,X,,X,,,,X,X,X,,,,,X,X,,,X,,X,X,X,,X,,,,,"$2,239.00 "
,,,Loloi ,"Revere Lilac 2'-6"" x 10'-0""",,,Pink,REVRREV-05LI0026A0,$219.00 ,,X,X,X,X,X,X,X,X,X,X,X,X,Opening,,,X,,,X,,,X,,X,,X,,,,X,X,X,,,,,X,X,,,X,,X,X,X,,X,,,,,$90.00 
,,,Loloi ,"Revere Lilac 2'-6"" x 16'-0""",,,Pink,REVRREV-05LI0026G0,$359.00 ,,X,X,X,X,X,X,X,X,X,X,X,X,Mid,,,X,,,X,,,X,,X,,X,,,,X,X,X,,,,,X,X,,,X,,X,X,X,,X,,,,,$149.00 
,,,Loloi ,"Revere Lilac 2'-6"" x 8'-0""",,,Pink,REVRREV-05LI002680,$179.00 ,,X,X,X,X,X,X,X,X,X,X,X,X,Opening,,,X,,,X,,,X,,X,,X,,,,X,X,X,,,,,X,X,,,X,,X,X,X,,X,,,,,$75.00 
,,,Loloi ,"Revere Lilac 3'-9"" x 5'-9""",,,Pink,REVRREV-05LI003959,$189.00 ,,X,X,X,X,X,X,X,X,X,X,X,X,Opening,,,X,,,X,,,X,,X,,X,,,,X,X,X,,,,,X,X,,,X,,X,X,X,,X,,,,,$79.00 
,,,Loloi ,"Revere Lilac 5'-0"" x 8'-0""",,,Pink,REVRREV-05LI005080,$309.00 ,,X,X,X,X,X,X,X,X,X,X,X,X,Opening,,,X,,,X,,,X,,X,,X,,,,X,X,X,,,,,X,X,,,X,,X,X,X,,X,,,,,$129.00 
,,,Loloi ,"Revere Lilac 7'-10"" X 10'",,,Pink,REVRREV-05LI007AA0,$699.00 ,,X,X,X,X,X,X,X,X,X,X,X,X,High,,,X,,,X,,,X,,X,,X,,,,X,X,X,,,,,X,X,,,X,,X,X,X,,X,,,,,$869.00 
,,,Loloi ,"Revere Lilac 9'-6"" X 12'-5""",,,Pink,REVRREV-05LI0096C5,"$1,189.00 ",,X,X,X,X,X,X,X,X,X,X,X,X,High,,,X,,,X,,,X,,X,,X,,,,X,X,X,,,,,X,X,,,X,,X,X,X,,X,,,,,"$1,489.00 "
,,,Loloi ,"Revere Mist 11'-6"" X 15'-6""",,,Beige,REVRREV-02MI00B6F6,"$1,789.00 ",,X,X,X,X,X,X,X,X,X,X,X,X,High,,,,X,,X,X,,X,,,X,,,X,X,,X,X,,X,,,X,,X,,,X,X,,X,X,X,,,,X,$779.00 
,,,Loloi ,"Revere Mist 2'-6"" x 10'-0""",,,Beige,REVRREV-02MI0026A0,$219.00 ,,X,X,X,X,X,X,X,X,X,X,X,X,Opening,,,,X,,X,X,,X,,,X,,,X,X,,X,X,,X,,,X,,X,,,X,X,,X,X,X,,,,X,$90.00 
,,,Loloi ,"Revere Mist 2'-6"" x 16'-0""",,,Beige,REVRREV-02MI0026G0,$359.00 ,,X,X,X,X,X,X,X,X,X,X,X,X,Mid,,,,X,,X,X,,X,,,X,,,X,X,,X,X,,X,,,X,,X,,,X,X,,X,X,X,,,,X,$149.00 
,,,Loloi ,"Revere Mist 2'-6"" x 8'-0""",,,Beige,REVRREV-02MI002680,$179.00 ,,X,X,X,X,X,X,X,X,X,X,X,X,Opening,,,,X,,X,X,,X,,,X,,,X,X,,X,X,,X,,,X,,X,,,X,X,,X,X,X,,,,X,$75.00 
,,,Loloi ,"Revere Mist 3'-9"" x 5'-9""",,,Beige,REVRREV-02MI003959,$189.00 ,,X,X,X,X,X,X,X,X,X,X,X,X,Opening,,,,X,,X,X,,X,,,X,,,X,X,,X,X,,X,,,X,,X,,,X,X,,X,X,X,,,,X,$79.00 
,,,Loloi ,"Revere Mist 5'-0"" x 8'-0""",,,Beige,REVRREV-02MI005080,$309.00 ,,X,X,X,X,X,X,X,X,X,X,X,X,Opening,,,,X,,X,X,,X,,,X,,,X,X,,X,X,,X,,,X,,X,,,X,X,,X,X,X,,,,X,$129.00 
,,,Loloi ,"Revere Mist 7'-10"" X 10'",,,Beige,REVRREV-02MI007AA0,$699.00 ,,X,X,X,X,X,X,X,X,X,X,X,X,High,,,,X,,X,X,,X,,,X,,,X,X,,X,X,,X,,,X,,X,,,X,X,,X,X,X,,,,X,$289.00 
,,,Loloi ,"Revere Mist 9'-6"" X 12'-5""",,,Beige,REVRREV-02MI0096C5,"$1,189.00 ",,X,X,X,X,X,X,X,X,X,X,X,X,High,,,,X,,X,X,,X,,,X,,,X,X,,X,X,,X,,,X,,X,,,X,X,,X,X,X,,,,X,$495.00 
,,,Loloi ,"Revere Multi 11'-6"" X 15'-6""",,,Multi,REVRREV-01ML00B6F6,"$1,789.00 ",,X,X,X,X,X,X,X,X,X,X,X,X,High,,,,X,,X,X,,X,,,X,,,X,X,,X,X,,X,,,X,,X,,,X,X,,X,X,X,,,,X,$779.00 
,,,Loloi ,"Revere Multi 2'-6"" x 10'-0""",,,Multi,REVRREV-01ML0026A0,$219.00 ,,X,X,X,X,X,X,X,X,X,X,X,X,Opening,,,,X,,X,X,,X,,,X,,,X,X,,X,X,,X,,,X,,X,,,X,X,,X,X,X,,,,X,$90.00 
,,,Loloi ,"Revere Multi 2'-6"" x 16'-0""",,,Multi,REVRREV-01ML0026G0,$359.00 ,,X,X,X,X,X,X,X,X,X,X,X,X,Mid,,,,X,,X,X,,X,,,X,,,X,X,,X,X,,X,,,X,,X,,,X,X,,X,X,X,,,,X,$149.00 
,,,Loloi ,"Revere Multi 2'-6"" x 8'-0""",,,Multi,REVRREV-01ML002680,$179.00 ,,X,X,X,X,X,X,X,X,X,X,X,X,Opening,,,,X,,X,X,,X,,,X,,,X,X,,X,X,,X,,,X,,X,,,X,X,,X,X,X,,,,X,$75.00 
,,,Loloi ,"Revere Multi 3'-9"" x 5'-9""",,,Multi,REVRREV-01ML003959,$189.00 ,,X,X,X,X,X,X,X,X,X,X,X,X,Opening,,,,X,,X,X,,X,,,X,,,X,X,,X,X,,X,,,X,,X,,,X,X,,X,X,X,,,,X,$79.00 
,,,Loloi ,"Revere Multi 5'-0"" x 8'-0""",,,Multi,REVRREV-01ML005080,$309.00 ,,X,X,X,X,X,X,X,X,X,X,X,X,Opening,,,,X,,X,X,,X,,,X,,,X,X,,X,X,,X,,,X,,X,,,X,X,,X,X,X,,,,X,$129.00 
,,,Loloi ,"Revere Multi 7'-10"" X 10'",,,Multi,REVRREV-01ML007AA0,$699.00 ,,X,X,X,X,X,X,X,X,X,X,X,X,High,,,,X,,X,X,,X,,,X,,,X,X,,X,X,,X,,,X,,X,,,X,X,,X,X,X,,,,X,$289.00 
,,,Loloi ,"Revere Multi 9'-6"" X 12'-5""",,,Multi,REVRREV-01ML0096C5,"$1,189.00 ",,X,X,X,X,X,X,X,X,X,X,X,X,High,,,,X,,X,X,,X,,,X,,,X,X,,X,X,,X,,,X,,X,,,X,X,,X,X,X,,,,X,$495.00 
,,,Loloi ,"Revere Terracotta/Multi 11'-6"" X 15'-6""",,,Beige,REVRREV-07TCMLB6F6,"$1,789.00 ",,X,X,X,X,X,X,X,X,X,X,X,X,High,,,X,X,,X,,,,,,,,,X,,,,,X,,,,X,,,,X,,,,X,,,,,X,,$779.00 
,,,Loloi ,"Revere Terracotta/Multi 2'-6"" x 10'-0""",,,Beige,REVRREV-07TCML26A0,$219.00 ,,X,X,X,X,X,X,X,X,X,X,X,X,Opening,,,X,X,,X,,,,,,,,,X,,,,,X,,,,X,,,,X,,,,X,,,,,X,,$90.00 
,,,Loloi ,"Revere Terracotta/Multi 2'-6"" x 16'-0""",,,Beige,REVRREV-07TCML26G0,$359.00 ,,X,X,X,X,X,X,X,X,X,X,X,X,Mid,,,X,X,,X,,,,,,,,,X,,,,,X,,,,X,,,,X,,,,X,,,,,X,,$149.00 
,,,Loloi ,"Revere Terracotta/Multi 2'-6"" x 8'-0""",,,Beige,REVRREV-07TCML2680,$179.00 ,,X,X,X,X,X,X,X,X,X,X,X,X,Opening,,,,,,,,,,,,,,,,,,,,X,,,,,,,,,,,,,,,,,X,,$75.00 
,,,Loloi ,"Revere Terracotta/Multi 3'-9"" x 5'-9""",,,Beige,REVRREV-07TCML3959,$189.00 ,,X,X,X,X,X,X,X,X,X,X,X,X,Opening,,,X,X,,X,,,,,,,,,X,,,,,X,,,,X,,,,X,,,,X,,,,,X,,$79.00 
,,,Loloi ,"Revere Terracotta/Multi 5'-0"" x 8'-0""",,,Beige,REVRREV-07TCML5080,$309.00 ,,X,X,X,X,X,X,X,X,X,X,X,X,Opening,,,X,X,,X,,,,,,,,,X,,,,,X,,,,X,,,,X,,,,X,,,,,X,,$129.00 
,,,Loloi ,"Revere Terracotta/Multi 7'-10"" X 10'",,,Beige,REVRREV-07TCML7AA0,$699.00 ,,X,X,X,X,X,X,X,X,X,X,X,X,High,,,X,X,,X,,,,,,,,,X,,,,,X,,,,X,,,,X,,,,X,,,,,X,,$289.00 
,,,Loloi ,"Revere Terracotta/Multi 9'-6"" X 12'-5""",,,Beige,REVRREV-07TCML96C5,"$1,189.00 ",,X,X,X,X,X,X,X,X,X,X,X,X,High,,,X,X,,X,,,,,,,,,X,,,,,X,,,,X,,,,X,,,,X,,,,,X,,$495.00 
,,,Loloi ,"Rumi Berry 12'-0"" x 15'-0""",,,Red,RUMIRUM-04BY00C0F0,"$6,539.00 ",,X,X,X,X,X,X,X,X,X,X,X,X,High,,,,X,,X,,X,,,,X,,,,,,,X,,,,,,,,,X,,,X,,,,,,,,"$2,725.00 "
,,,Loloi ,"Rumi Berry 2'-6"" X 7'-6""",,,Red,RUMIRUM-04BY002676,$499.00 ,,X,X,X,X,X,X,X,X,X,X,X,X,Mid,,,,X,,X,,X,,,,X,,,,,,,X,,,,,,,,,X,,,X,,,,,,,,$205.00 
,,,Loloi ,"Rumi Berry 2'-6"" x 9'-9""",,,Red,RUMIRUM-04BY002699,$639.00 ,,X,X,X,X,X,X,X,X,X,X,X,X,High,,,,X,,X,,X,,,,X,,,,,,,X,,,,,,,,,X,,,X,,,,,,,,$265.00 
,,,Loloi ,"Rumi Berry 3'-6"" x 5'-6""",,,Red,RUMIRUM-04BY003656,$499.00 ,,X,X,X,X,X,X,X,X,X,X,X,X,Mid,,,,X,,X,,X,,,,X,,,,,,,X,,,,,,,,,X,,,X,,,,,,,,$209.00 
,,,Loloi ,"Rumi Berry 5'-0"" x 7'-6""",,,Red,RUMIRUM-04BY005076,$899.00 ,,X,X,X,X,X,X,X,X,X,X,X,X,High,,,,X,,X,,X,,,,X,,,,,,,X,,,,,,,,,X,,,X,,,,,,,,$375.00 
,,,Loloi ,"Rumi Berry 7'-9"" x 9'-9""",,,Red,RUMIRUM-04BY007999,"$2,199.00 ",,X,X,X,X,X,X,X,X,X,X,X,X,High,,,,X,,X,,X,,,,X,,,,,,,X,,,,,,,,,X,,,X,,,,,,,,$915.00 
,,,Loloi ,"Rumi Berry 9'-3"" X 13'",,,Red,RUMIRUM-04BY0093D0,"$4,019.00 ",,X,X,X,X,X,X,X,X,X,X,X,X,High,,,,X,,X,,X,,,,X,,,,,,,X,,,,,,,,,X,,,X,,,,,,,,"$1,675.00 "
,,,Loloi ,"Rumi Blue 12'-0"" x 15'-0""",,,Blue,RUMIRUM-02BB00C0F0,"$6,539.00 ",,X,X,X,X,X,X,X,X,X,X,X,X,High,,,X,,X,,X,X,,,,,,,,,,X,,,,,,,,,,,,,,X,,X,,X,,,"$2,725.00 "
,,,Loloi ,"Rumi Blue 2'-6"" X 7'-6""",,,Blue,RUMIRUM-02BB002676,$499.00 ,,X,X,X,X,X,X,X,X,X,X,X,X,Mid,,,X,,X,,X,X,,,,,,,,,,X,,,,,,,,,,,,,,X,,X,,X,,,$205.00 
,,,Loloi ,"Rumi Blue 2'-6"" x 9'-9""",,,Blue,RUMIRUM-02BB002699,$639.00 ,,X,X,X,X,X,X,X,X,X,X,X,X,High,,,X,,X,,X,X,,,,,,,,,,X,,,,,,,,,,,,,,X,,X,,X,,,$265.00 
,,,Loloi ,"Rumi Blue 3'-6"" x 5'-6""",,,Blue,RUMIRUM-02BB003656,$499.00 ,,X,X,X,X,X,X,X,X,X,X,X,X,Mid,,,X,,X,,X,X,,,,,,,,,,X,,,,,,,,,,,,,,X,,X,,X,,,$209.00 
,,,Loloi ,"Rumi Blue 5'-0"" x 7'-6""",,,Blue,RUMIRUM-02BB005076,$899.00 ,,X,X,X,X,X,X,X,X,X,X,X,X,High,,,X,,X,,X,X,,,,,,,,,,X,,,,,,,,,,,,,,X,,X,,X,,,$375.00 
,,,Loloi ,"Rumi Blue 7'-9"" x 9'-9""",,,Blue,RUMIRUM-02BB007999,"$2,199.00 ",,X,X,X,X,X,X,X,X,X,X,X,X,High,,,X,,X,,X,X,,,,,,,,,,X,,,,,,,,,,,,,,X,,X,,X,,,$915.00 
,,,Loloi ,"Rumi Blue 9'-3"" X 13'",,,Blue,RUMIRUM-02BB0093D0,"$4,019.00 ",,X,X,X,X,X,X,X,X,X,X,X,X,High,,,X,,X,,X,X,,,,,,,,,,X,,,,,,,,,,,,,,X,,X,,X,,,"$1,675.00 "
,,,Loloi ,"Rumi Clay/Stone 12'-0"" x 15'-0""",,,Grey,RUMIRUM-02CGSNC0F0,"$6,539.00 ",,X,X,X,X,X,X,X,X,X,X,X,X,High,,,X,,,,X,X,,X,,,,,,,,,,,,,X,X,,,,,,,,,,,,,X,,"$2,725.00 "
,,,Loloi ,"Rumi Clay/Stone 2'-6"" X 7'-6""",,,Grey,RUMIRUM-02CGSN2676,$499.00 ,,X,X,X,X,X,X,X,X,X,X,X,X,Mid,,,X,,,,X,X,,X,,,,,,,,,,,,,X,X,,,,,,,,,,,,,X,,$205.00 
,,,Loloi ,"Rumi Clay/Stone 2'-6"" x 9'-9""",,,Grey,RUMIRUM-02CGSN2699,$639.00 ,,X,X,X,X,X,X,X,X,X,X,X,X,High,,,X,,,,X,X,,X,,,,,,,,,,,,,X,X,,,,,,,,,,,,,X,,$265.00 
,,,Loloi ,"Rumi Clay/Stone 3'-6"" x 5'-6""",,,Grey,RUMIRUM-02CGSN3656,$499.00 ,,X,X,X,X,X,X,X,X,X,X,X,X,Mid,,,X,,,,X,X,,X,,,,,,,,,,,,,X,X,,,,,,,,,,,,,X,,$209.00 
,,,Loloi ,"Rumi Clay/Stone 5'-0"" x 7'-6""",,,Grey,RUMIRUM-02CGSN5076,$899.00 ,,X,X,X,X,X,X,X,X,X,X,X,X,High,,,X,,,,X,X,,X,,,,,,,,,,,,,X,X,,,,,,,,,,,,,X,,$375.00 
,,,Loloi ,"Rumi Clay/Stone 7'-9"" x 9'-9""",,,Grey,RUMIRUM-02CGSN7999,"$2,199.00 ",,X,X,X,X,X,X,X,X,X,X,X,X,High,,,X,,,,X,X,,X,,,,,,,,,,,,,X,X,,,,,,,,,,,,,X,,$915.00 
,,,Loloi ,"Rumi Clay/Stone 9'-3"" X 13'",,,Grey,RUMIRUM-02CGSN93D0,"$4,019.00 ",,X,X,X,X,X,X,X,X,X,X,X,X,High,,,X,,,,X,X,,X,,,,,,,,,,,,,X,X,,,,,,,,,,,,,X,,"$1,675.00 "
,,,Loloi ,"Rumi Ivory 12'-0"" x 15'-0""",,,Beige,RUMIRUM-01IV00C0F0,"$6,539.00 ",,X,X,X,X,X,X,X,X,X,X,X,X,High,,,X,,X,,X,X,,X,X,X,X,,,X,X,X,X,X,,X,X,X,,,,X,,,,X,,,,,X,,"$2,725.00 "
,,,Loloi ,"Rumi Ivory 2'-6"" X 7'-6""",,,Beige,RUMIRUM-01IV002676,$499.00 ,,X,X,X,X,X,X,X,X,X,X,X,X,Mid,,,X,,X,,X,X,,X,X,X,X,,,X,X,X,,X,,X,X,X,,,,X,,,,X,,,,,X,,$205.00 
,,,Loloi ,"Rumi Ivory 2'-6"" x 9'-9""",,,Beige,RUMIRUM-01IV002699,$639.00 ,,X,X,X,X,X,X,X,X,X,X,X,X,High,,,X,,X,,X,X,,X,X,X,X,,,X,X,X,,X,,X,X,X,,,,X,,,,X,,,,,X,,$265.00 
,,,Loloi ,"Rumi Ivory 3'-6"" x 5'-6""",,,Beige,RUMIRUM-01IV003656,$499.00 ,,X,X,X,X,X,X,X,X,X,X,X,X,Mid,,,X,,X,,X,X,,X,X,X,X,,,X,X,X,,X,,X,X,X,,,,X,,,,X,,,,,X,,$209.00 
,,,Loloi ,"Rumi Ivory 5'-0"" x 7'-6""",,,Beige,RUMIRUM-01IV005076,$899.00 ,,X,X,X,X,X,X,X,X,X,X,X,X,High,,,X,,X,,X,X,,X,X,X,X,,,X,X,X,,X,,X,X,X,,,,X,,,,X,,,,,X,,$375.00 
,,,Loloi ,"Rumi Ivory 7'-9"" x 9'-9""",,,Beige,RUMIRUM-01IV007999,"$2,199.00 ",,X,X,X,X,X,X,X,X,X,X,X,X,High,,,X,,X,,X,X,,X,X,X,X,,,X,X,X,,X,,X,X,X,,,,X,,,,X,,,,,X,,$915.00 
,,,Loloi ,"Rumi Ivory 9'-3"" X 13'",,,Beige,RUMIRUM-01IV0093D0,"$4,019.00 ",,X,X,X,X,X,X,X,X,X,X,X,X,High,,,X,,X,,X,X,,X,X,X,X,,,X,X,X,,X,,X,X,X,,,,X,,,,X,,,,,X,,"$1,675.00 "
,,,Loloi ,"Rumi Mist 12'-0"" x 15'-0""",,,Blue,RUMIRUM-03MI00C0F0,"$6,539.00 ",,X,X,X,X,X,X,X,X,X,X,X,X,High,,,,,X,,,X,,,,X,,,,,,,,X,,,,,,,,X,,,,,,,,,,,"$2,725.00 "
,,,Loloi ,"Rumi Mist 2'-6"" X 7'-6""",,,Blue,RUMIRUM-03MI002676,$499.00 ,,X,X,X,X,X,X,X,X,X,X,X,X,Mid,,,,,X,,,X,,,,X,,,,,,,,X,,,,,,,,X,,,,,,,,,,,$205.00 
,,,Loloi ,"Rumi Mist 2'-6"" x 9'-9""",,,Blue,RUMIRUM-03MI002699,$639.00 ,,X,X,X,X,X,X,X,X,X,X,X,X,High,,,,,X,,,X,,,,X,,,,,,,,X,,,,,,,,X,,,,,,,,,,,$265.00 
,,,Loloi ,"Rumi Mist 3'-6"" x 5'-6""",,,Blue,RUMIRUM-03MI003656,$499.00 ,,X,X,X,X,X,X,X,X,X,X,X,X,Mid,,,,,X,,,X,,,,X,,,,,,,,X,,,,,,,,X,,,,,,,,,,,$209.00 
,,,Loloi ,"Rumi Mist 5'-0"" x 7'-6""",,,Blue,RUMIRUM-03MI005076,$899.00 ,,X,X,X,X,X,X,X,X,X,X,X,X,High,,,,,X,,,X,,,,X,,,,,,,,X,,,,,,,,X,,,,,,,,,,,$375.00 
,,,Loloi ,"Rumi Mist 7'-9"" x 9'-9""",,,Blue,RUMIRUM-03MI007999,"$2,199.00 ",,X,X,X,X,X,X,X,X,X,X,X,X,High,,,,,X,,,X,,,,X,,,,,,,,X,,,,,,,,X,,,,,,,,,,,$915.00 
,,,Loloi ,"Rumi Mist 9'-3"" X 13'",,,Blue,RUMIRUM-03MI0093D0,"$4,019.00 ",,X,X,X,X,X,X,X,X,X,X,X,X,High,,,,,X,,,X,,,,X,,,,,,,,X,,,,,,,,X,,,,,,,,,,,"$1,675.00 "
,,,Loloi ,"Rumi Navy/Multi 12'-0"" x 15'-0""",,,Blue,RUMIRUM-04NVMLC0F0,"$6,539.00 ",,X,X,X,X,X,X,X,X,X,X,X,X,High,,,,X,,X,,,,,X,X,X,X,,,,X,X,,,,,,,,,X,,,X,X,X,X,,,X,X,"$2,725.00 "
,,,Loloi ,"Rumi Navy/Multi 2'-6"" X 7'-6""",,,Blue,RUMIRUM-04NVML2676,$499.00 ,,X,X,X,X,X,X,X,X,X,X,X,X,Mid,,,,X,,X,,,,,X,X,X,X,,,,X,X,,,,,,,,,X,,,,X,X,X,,,,X,$205.00 
,,,Loloi ,"Rumi Navy/Multi 2'-6"" x 9'-9""",,,Blue,RUMIRUM-04NVML2699,$639.00 ,,X,X,X,X,X,X,X,X,X,X,X,X,High,,,,X,,X,,,,,X,X,X,X,,,,X,X,,,,,,,,,X,,,,X,X,X,,,,X,$265.00 
,,,Loloi ,"Rumi Navy/Multi 3'-6"" x 5'-6""",,,Blue,RUMIRUM-04NVML3656,$499.00 ,,X,X,X,X,X,X,X,X,X,X,X,X,Mid,,,,X,,X,,,,,X,X,X,X,,,,X,X,,,,,,,,,X,,,,X,X,X,,,,X,$209.00 
,,,Loloi ,"Rumi Navy/Multi 5'-0"" x 7'-6""",,,Blue,RUMIRUM-04NVML5076,$899.00 ,,X,X,X,X,X,X,X,X,X,X,X,X,High,,,,X,,X,,,,,X,X,X,X,,,,X,X,,,,,,,,,X,,,,X,X,X,,,,X,$375.00 
,,,Loloi ,"Rumi Navy/Multi 7'-9"" x 9'-9""",,,Blue,RUMIRUM-04NVML7999,"$2,199.00 ",,X,X,X,X,X,X,X,X,X,X,X,X,High,,,,X,,X,,,,,X,X,X,X,,,,X,X,,,,,,,,,X,,,,X,X,X,,,,X,$915.00 
,,,Loloi ,"Rumi Navy/Multi 9'-3"" X 13'",,,Blue,RUMIRUM-04NVML93D0,"$4,019.00 ",,X,X,X,X,X,X,X,X,X,X,X,X,High,,,,X,,X,,,,,X,X,X,X,,,,X,X,,,,,,,,,X,,,,X,X,X,,,,X,"$1,675.00 "
,,,Loloi ,"Rumi Pewter 12'-0"" x 15'-0""",,,Grey,RUMIRUM-01PW00C0F0,"$6,539.00 ",,X,X,X,X,X,X,X,X,X,X,X,X,High,,,,,,X,,,,,,,,,,,,,X,X,,,,X,,,,X,,,,,,,,,,,"$2,725.00 "
,,,Loloi ,"Rumi Pewter 2'-6"" X 7'-6""",,,Grey,RUMIRUM-01PW002676,$499.00 ,,X,X,X,X,X,X,X,X,X,X,X,X,Mid,,,X,,,X,,X,,,,,,,,,,,X,X,,,,X,,,,X,,,,,,,,,,,$205.00 
,,,Loloi ,"Rumi Pewter 2'-6"" x 9'-9""",,,Grey,RUMIRUM-01PW002699,$639.00 ,,X,X,X,X,X,X,X,X,X,X,X,X,High,,,X,,,X,,X,,,,,,,,,,,X,X,,,,X,,,,X,,,,,,,,,,,$265.00 
,,,Loloi ,"Rumi Pewter 3'-6"" x 5'-6""",,,Grey,RUMIRUM-01PW003656,$499.00 ,,X,X,X,X,X,X,X,X,X,X,X,X,Mid,,,X,,,X,,X,,,,,,,,,,,X,X,,,,X,,,,X,,,,,,,,,,,$209.00 
,,,Loloi ,"Rumi Pewter 5'-0"" x 7'-6""",,,Grey,RUMIRUM-01PW005076,$899.00 ,,X,X,X,X,X,X,X,X,X,X,X,X,High,,,X,,,X,,X,,,,,,,,,,,X,X,,,,X,,,,X,,,,,,,,,,,$375.00 
,,,Loloi ,"Rumi Pewter 7'-9"" x 9'-9""",,,Grey,RUMIRUM-01PW007999,"$2,199.00 ",,X,X,X,X,X,X,X,X,X,X,X,X,High,,,X,,,X,,X,,,,,,,,,,,X,X,,,,X,,,,X,,,,,,,,,,,$915.00 
,,,Loloi ,"Rumi Pewter 9'-3"" X 13'",,,Grey,RUMIRUM-01PW0093D0,"$4,019.00 ",,X,X,X,X,X,X,X,X,X,X,X,X,High,,,X,,,X,,X,,,,,,,,,,,X,X,,,,X,,,,X,,,,,,,,,,,"$1,675.00 "
,,,Loloi ,"Rumi Teal 12'-0"" x 15'-0""",,,Blue,RUMIRUM-02TE00C0F0,"$6,539.00 ",,X,X,X,X,X,X,X,X,X,X,X,X,High,,,X,,X,X,,X,,,,X,,,,,,X,,,,,,,,,,X,,,,,,,,,,,"$2,725.00 "
,,,Loloi ,"Rumi Teal 2'-6"" X 7'-6""",,,Blue,RUMIRUM-02TE002676,$499.00 ,,X,X,X,X,X,X,X,X,X,X,X,X,Mid,,,X,,X,X,,X,,,,X,,,,,,X,,,,,,,,,,,,,,,,,,,,,$205.00 
,,,Loloi ,"Rumi Teal 2'-6"" x 9'-9""",,,Blue,RUMIRUM-02TE002699,$639.00 ,,X,X,X,X,X,X,X,X,X,X,X,X,High,,,X,,X,X,,X,,,,X,,,,,,X,,,,,,,,,,,,,,,,,,,,,$265.00 
,,,Loloi ,"Rumi Teal 3'-6"" x 5'-6""",,,Blue,RUMIRUM-02TE003656,$499.00 ,,X,X,X,X,X,X,X,X,X,X,X,X,Mid,,,X,,X,X,,X,,,,X,,,,,,X,,,,,,,,,,,,,,,,,,,,,$209.00 
,,,Loloi ,"Rumi Teal 5'-0"" x 7'-6""",,,Blue,RUMIRUM-02TE005076,$899.00 ,,X,X,X,X,X,X,X,X,X,X,X,X,High,,,X,,X,X,,X,,,,X,,,,,,X,,,,,,,,,,,,,,,,,,,,,$375.00 
,,,Loloi ,"Rumi Teal 7'-9"" x 9'-9""",,,Blue,RUMIRUM-02TE007999,"$2,199.00 ",,X,X,X,X,X,X,X,X,X,X,X,X,High,,,X,,X,X,,X,,,,X,,,,,,X,,,,,,,,,,,,,,,,,,,,,$915.00 
,,,Loloi ,"Rumi Teal 9'-3"" X 13'",,,Blue,RUMIRUM-02TE0093D0,"$4,019.00 ",,X,X,X,X,X,X,X,X,X,X,X,X,High,,,X,,X,X,,X,,,,X,,,,,,X,,,,,,,,,,,,,,,,,,,,,"$1,675.00 "
,,,Loloi ,"Simone Blue 12'-0"" x 15'-0""",,,Blue,SIMOSIM-02BB00C0F0,"$2,069.00 ",,X,X,X,X,X,X,X,X,X,X,X,X,High,,,,,X,X,X,X,,X,,,X,,,,X,,,X,,,,,X,,,X,,,X,,,,,,X,,$860.00 
,,,Loloi ,"Simone Blue 2'-6"" X 7'-6""",,,Blue,SIMOSIM-02BB002676,$189.00 ,,X,X,X,X,X,X,X,X,X,X,X,X,Opening,,,,,X,X,X,X,,X,,,X,,,,X,,,X,,,,,X,,,X,,,X,,,,,,X,,$79.00 
,,,Loloi ,"Simone Blue 3'-6"" x 5'-6""",,,Blue,SIMOSIM-02BB003656,$209.00 ,,X,X,X,X,X,X,X,X,X,X,X,X,Opening,,,,,X,X,X,X,,X,,,X,,,,X,,,X,,,,,X,,,X,,,X,,,,,,X,,$85.00 
,,,Loloi ,"Simone Blue 5'-0"" x 7'-6""",,,Blue,SIMOSIM-02BB005076,$359.00 ,,X,X,X,X,X,X,X,X,X,X,X,X,Mid,,,,,X,X,X,X,,X,,,X,,,,X,,,X,,,,,X,,,X,,,X,,,,,,X,,$149.00 
,,,Loloi ,"Simone Blue 7'-9"" x 9'-9""",,,Blue,SIMOSIM-02BB007999,$739.00 ,,X,X,X,X,X,X,X,X,X,X,X,X,High,,,,,X,X,X,X,,X,,,X,,,,X,,,X,,,,,X,,,X,,,X,,,,,,X,,$305.00 
,,,Loloi ,"Simone Blue 9'-3"" X 13'",,,Blue,SIMOSIM-02BB0093D0,"$1,339.00 ",,X,X,X,X,X,X,X,X,X,X,X,X,High,,,,,X,X,X,X,,X,,,X,,,,X,,,X,,,,,X,,,X,,,X,,,,,,X,,$559.00 
,,,Loloi ,"Simone Mocha 12'-0"" x 15'-0""",,,Brown,SIMOSIM-01MC00C0F0,"$2,069.00 ",,X,X,X,X,X,X,X,X,X,X,X,X,High,,,,,X,X,X,X,,X,,,X,,,,X,,,X,,,,,X,,,X,,,X,,,,,,X,,$860.00 
,,,Loloi ,"Simone Mocha 2'-6"" X 7'-6""",,,Brown,SIMOSIM-01MC002676,$189.00 ,,X,X,X,X,X,X,X,X,X,X,X,X,Opening,,,,,X,X,X,X,,X,,,X,,,,X,,,X,,,,,X,,,X,,,X,,,,,,X,,$79.00 
,,,Loloi ,"Simone Mocha 3'-6"" x 5'-6""",,,Brown,SIMOSIM-01MC003656,$209.00 ,,X,X,X,X,X,X,X,X,X,X,X,X,Opening,,,,,X,X,X,X,,X,,,X,,,,X,,,X,,,,,X,,,X,,,X,,,,,,X,,$85.00 
,,,Loloi ,"Simone Mocha 5'-0"" x 7'-6""",,,Brown,SIMOSIM-01MC005076,$359.00 ,,X,X,X,X,X,X,X,X,X,X,X,X,Mid,,,,,X,X,X,X,,X,,,X,,,,X,,,X,,,,,X,,,X,,,X,,,,,,X,,$149.00 
,,,Loloi ,"Simone Mocha 7'-9"" x 9'-9""",,,Brown,SIMOSIM-01MC007999,$739.00 ,,X,X,X,X,X,X,X,X,X,X,X,X,High,,,,,X,X,X,X,,X,,,X,,,,X,,,X,,,,,X,,,X,,,X,,,,,,X,,$305.00 
,,,Loloi ,"Simone Mocha 9'-3"" X 13'",,,Brown,SIMOSIM-01MC0093D0,"$1,339.00 ",,X,X,X,X,X,X,X,X,X,X,X,X,High,,,,,X,X,X,X,,X,,,X,,,,X,,,X,,,,,X,,,X,,,X,,,,,,X,,$559.00 
,,,Loloi ,"Simone Sand 12'-0"" x 15'-0""",,,Beige,SIMOSIM-01SA00C0F0,"$2,069.00 ",,X,X,X,X,X,X,X,X,X,X,X,X,High,,,,,X,X,X,X,,X,,,X,,,,X,,,X,,,,,X,,,X,,,X,,,,,,X,,$860.00 
,,,Loloi ,"Simone Sand 2'-6"" X 7'-6""",,,Beige,SIMOSIM-01SA002676,$189.00 ,,X,X,X,X,X,X,X,X,X,X,X,X,Opening,,,,,X,X,X,X,,X,,,X,,,,X,,,X,,,,,X,,,X,,,X,,,,,,X,,$79.00 
,,,Loloi ,"Simone Sand 3'-6"" x 5'-6""",,,Beige,SIMOSIM-01SA003656,$209.00 ,,X,X,X,X,X,X,X,X,X,X,X,X,Opening,,,,,X,X,X,X,,X,,,X,,,,X,,,X,,,,,X,,,X,,,X,,,,,,X,,$85.00 
,,,Loloi ,"Simone Sand 5'-0"" x 7'-6""",,,Beige,SIMOSIM-01SA005076,$359.00 ,,X,X,X,X,X,X,X,X,X,X,X,X,Mid,,,,,X,X,X,X,,X,,,X,,,,X,,,X,,,,,X,,,X,,,X,,,,,,X,,$149.00 
,,,Loloi ,"Simone Sand 7'-9"" x 9'-9""",,,Beige,SIMOSIM-01SA007999,$739.00 ,,X,X,X,X,X,X,X,X,X,X,X,X,High,,,,,X,X,X,X,,X,,,X,,,,X,,,X,,,,,X,,,X,,,X,,,,,,X,,$305.00 
,,,Loloi ,"Simone Sand 9'-3"" X 13'",,,Beige,SIMOSIM-01SA0093D0,"$1,339.00 ",,X,X,X,X,X,X,X,X,X,X,X,X,High,,,,,X,X,X,X,,X,,,X,,,,X,,,X,,,,,X,,,X,,,X,,,,,,X,,$559.00 
,,,Loloi ,"Symbology-Loloi X Justina Blakeney Collection Denim/Dove 2'-6"" X 7'-6""",,,Blue,SYMBSYM-04DEDV2676,$229.00 ,,X,X,X,X,X,X,X,X,X,X,X,X,Opening,,,X,,X,,,X,,,,,,,X,,,,,X,,,,,,,,,,,,X,,,,,,,$95.00 
,,,Loloi ,"Symbology-Loloi X Justina Blakeney Collection Denim/Dove 3'-6"" x 5'-6""",,,Blue,SYMBSYM-04DEDV3656,$229.00 ,,X,X,X,X,X,X,X,X,X,X,X,X,Opening,,,X,,X,,,X,,,,,,,X,,,,,X,,,,,,,,,,,,X,,,,,,,$95.00 
,,,Loloi ,"Symbology-Loloi X Justina Blakeney Collection Denim/Dove 5'-0"" x 7'-6""",,,Blue,SYMBSYM-04DEDV5076,$409.00 ,,X,X,X,X,X,X,X,X,X,X,X,X,Mid,,,X,,X,,,X,,,,,,,X,,,,,X,,,,,,,,,,,,X,,,,,,,$169.00 
,,,Loloi ,"Symbology-Loloi X Justina Blakeney Collection Denim/Dove 7'-9"" x 9'-9""",,,Blue,SYMBSYM-04DEDV7999,$819.00 ,,X,X,X,X,X,X,X,X,X,X,X,X,High,,,X,,X,,,X,,,,,,,X,,,,,X,,,,,,,,,,,,X,,,,,,,$339.00 
,,,Loloi ,"Symbology-Loloi X Justina Blakeney Collection Denim/Dove 9'-3"" X 13'",,,Blue,SYMBSYM-04DEDV93D0,"$1,499.00 ",,X,X,X,X,X,X,X,X,X,X,X,X,High,,,X,,X,,,X,,,,,,,X,,,,,X,,,,,,,,,,,,X,,,,,,,$620.00 
,,,Loloi ,"Symbology-Loloi X Justina Blakeney Collection Grey/Multi 2'-6"" X 7'-6""",,,Grey,SYMBSYM-03GYML2676,$229.00 ,,X,X,X,X,X,X,X,X,X,X,X,X,Opening,,,X,,X,,,X,,,,,,,X,,,,,X,,,,,,,,,,,,X,,,,,,,$95.00 
,,,Loloi ,"Symbology-Loloi X Justina Blakeney Collection Grey/Multi 3'-6"" x 5'-6""",,,Grey,SYMBSYM-03GYML3656,$229.00 ,,X,X,X,X,X,X,X,X,X,X,X,X,Opening,,,X,,X,,,X,,,,,,,X,,,,,X,,,,,,,,,,,,X,,,,,,,$95.00 
,,,Loloi ,"Symbology-Loloi X Justina Blakeney Collection Grey/Multi 5'-0"" x 7'-6""",,,Grey,SYMBSYM-03GYML5076,$409.00 ,,X,X,X,X,X,X,X,X,X,X,X,X,Mid,,,X,,X,,,X,,,,,,,X,,,,,X,,,,,,,,,,,,X,,,,,,,$169.00 
,,,Loloi ,"Symbology-Loloi X Justina Blakeney Collection Grey/Multi 7'-9"" x 9'-9""",,,Grey,SYMBSYM-03GYML7999,$819.00 ,,X,X,X,X,X,X,X,X,X,X,X,X,High,,,X,,X,,,X,,,,,,,X,,,,,X,,,,,,,,,,,,X,,,,,,,$339.00 
,,,Loloi ,"Symbology-Loloi X Justina Blakeney Collection Grey/Multi 9'-3"" X 13'",,,Grey,SYMBSYM-03GYML93D0,"$1,499.00 ",,X,X,X,X,X,X,X,X,X,X,X,X,High,,,X,,X,,,X,,,,,,,X,,,,,X,,,,,,,,,,,,X,,,,,,,$620.00 
,,,Loloi ,"Symbology-Loloi X Justina Blakeney Collection Ivory/Multi 2'-6"" X 7'-6""",,,Beige,SYMBSYM-05IVML2676,$229.00 ,,X,X,X,X,X,X,X,X,X,X,X,X,Opening,,,X,,X,,,X,,,,,,,X,,,,,X,,,,,,,,,,,,X,,,,,,,$95.00 
,,,Loloi ,"Symbology-Loloi X Justina Blakeney Collection Ivory/Multi 3'-6"" x 5'-6""",,,Beige,SYMBSYM-05IVML3656,$229.00 ,,X,X,X,X,X,X,X,X,X,X,X,X,Opening,,,X,,X,,,X,,,,,,,X,,,,,X,,,,,,,,,,,,X,,,,,,,$95.00 
,,,Loloi ,"Symbology-Loloi X Justina Blakeney Collection Ivory/Multi 5'-0"" x 7'-6""",,,Beige,SYMBSYM-05IVML5076,$409.00 ,,X,X,X,X,X,X,X,X,X,X,X,X,Mid,,,X,,X,,,X,,,,,,,X,,,,,X,,,,,,,,,,,,X,,,,,,,$169.00 
,,,Loloi ,"Symbology-Loloi X Justina Blakeney Collection Ivory/Multi 7'-9"" x 9'-9""",,,Beige,SYMBSYM-05IVML7999,$819.00 ,,X,X,X,X,X,X,X,X,X,X,X,X,High,,,X,,X,,,X,,,,,,,X,,,,,X,,,,,,,,,,,,X,,,,,,,$339.00 
,,,Loloi ,"Symbology-Loloi X Justina Blakeney Collection Ivory/Multi 9'-3"" X 13'",,,Beige,SYMBSYM-05IVML93D0,"$1,499.00 ",,X,X,X,X,X,X,X,X,X,X,X,X,High,,,X,,X,,,X,,,,,,,X,,,,,X,,,,,,,,,,,,X,,,,,,,$620.00 
,,,Loloi ,"Symbology-Loloi X Justina Blakeney Collection Ivory/Slate 2'-6"" X 7'-6""",,,Beige,SYMBSYM-01IVSL2676,$229.00 ,,X,X,X,X,X,X,X,X,X,X,X,X,Opening,,,X,,X,,,X,,,,,,,X,,,,,X,,,,,,,,,,,,X,,,,,,,$95.00 
,,,Loloi ,"Symbology-Loloi X Justina Blakeney Collection Ivory/Slate 3'-6"" x 5'-6""",,,Beige,SYMBSYM-01IVSL3656,$229.00 ,,X,X,X,X,X,X,X,X,X,X,X,X,Opening,,,X,,X,,,X,,,,,,,X,,,,,X,,,,,,,,,,,,X,,,,,,,$95.00 
,,,Loloi ,"Symbology-Loloi X Justina Blakeney Collection Ivory/Slate 5'-0"" x 7'-6""",,,Beige,SYMBSYM-01IVSL5076,$409.00 ,,X,X,X,X,X,X,X,X,X,X,X,X,Mid,,,X,,X,,,X,,,,,,,X,,,,,X,,,,,,,,,,,,X,,,,,,,$169.00 
,,,Loloi ,"Symbology-Loloi X Justina Blakeney Collection Ivory/Slate 7'-9"" x 9'-9""",,,Beige,SYMBSYM-01IVSL7999,$819.00 ,,X,X,X,X,X,X,X,X,X,X,X,X,High,,,X,,X,,,X,,,,,,,X,,,,,X,,,,,,,,,,,,X,,,,,,,$339.00 
,,,Loloi ,"Symbology-Loloi X Justina Blakeney Collection Ivory/Slate 9'-3"" X 13'",,,Beige,SYMBSYM-01IVSL93D0,"$1,499.00 ",,X,X,X,X,X,X,X,X,X,X,X,X,High,,,X,,X,,,X,,,,,,,X,,,,,X,,,,,,,,,,,,X,,,,,,,$620.00 
,,,Loloi ,"Symbology-Loloi X Justina Blakeney Collection Seafoam/Sky 2'-6"" X 7'-6""",,,Blue,SYMBSYM-02SESC2676,$229.00 ,,X,X,X,X,X,X,X,X,X,X,X,X,Opening,,,X,,X,,,X,,,,,,,X,,,,,X,,,,,,,,,,,,X,,,,,,,$95.00 
,,,Loloi ,"Symbology-Loloi X Justina Blakeney Collection Seafoam/Sky 3'-6"" x 5'-6""",,,Blue,SYMBSYM-02SESC3656,$229.00 ,,X,X,X,X,X,X,X,X,X,X,X,X,Opening,,,X,,X,,,X,,,,,,,X,,,,,X,,,,,,,,,,,,X,,,,,,,$95.00 
,,,Loloi ,"Symbology-Loloi X Justina Blakeney Collection Seafoam/Sky 5'-0"" x 7'-6""",,,Blue,SYMBSYM-02SESC5076,$409.00 ,,X,X,X,X,X,X,X,X,X,X,X,X,Mid,,,X,,X,,,X,,,,,,,X,,,,,X,,,,,,,,,,,,X,,,,,,,$169.00 
,,,Loloi ,"Symbology-Loloi X Justina Blakeney Collection Seafoam/Sky 7'-9"" x 9'-9""",,,Blue,SYMBSYM-02SESC7999,$819.00 ,,X,X,X,X,X,X,X,X,X,X,X,X,High,,,X,,X,,,X,,,,,,,X,,,,,X,,,,,,,,,,,,X,,,,,,,$339.00 
,,,Loloi ,"Symbology-Loloi X Justina Blakeney Collection Seafoam/Sky 9'-3"" X 13'",,,Blue,SYMBSYM-02SESC93D0,"$1,499.00 ",,X,X,X,X,X,X,X,X,X,X,X,X,High,,,X,,X,,,X,,,,,,,X,,,,,X,,,,,,,,,,,,X,,,,,,,$620.00 
,,,Loloi ,"Victoria Blue/Red 2'-6"" X 7'-6""",,,Blue,VITRVK-16BBRE2676,$199.00 ,,X,X,X,X,X,X,X,X,X,X,X,X,Opening,,,X,X,,X,X,,X,,,X,,X,X,,,X,,X,X,,,,,,X,,X,,X,X,,,,X,,X,$80.00 
,,,Loloi ,"Victoria Blue/Red 3'-6"" x 5'-6""",,,Blue,VITRVK-16BBRE3656,$219.00 ,,X,X,X,X,X,X,X,X,X,X,X,X,Opening,,,X,X,,X,X,,X,,,X,,X,X,,,X,,X,X,,,,,,X,,X,,X,X,,,,X,,X,$89.00 
,,,Loloi ,"Victoria Blue/Red 5'-0"" x 7'-6""",,,Blue,VITRVK-16BBRE5076,$369.00 ,,X,X,X,X,X,X,X,X,X,X,X,X,Mid,,,X,X,,X,X,,X,,,X,,X,X,,,X,,X,X,,,,,,X,,X,,X,X,,,,X,,X,$150.00 
,,,Loloi ,"Victoria Blue/Red 7'-9"" x 9'-9""",,,Blue,VITRVK-16BBRE7999,$739.00 ,,X,X,X,X,X,X,X,X,X,X,X,X,High,,,X,X,,X,X,,X,,,X,,X,X,,,X,,X,X,,,,,,X,,X,,X,X,,,,X,,X,$305.00 
,,,Loloi ,"Victoria Blue/Red 9'-3"" X 13'",,,Blue,VITRVK-16BBRE93D0,"$1,299.00 ",,X,X,X,X,X,X,X,X,X,X,X,X,High,,,X,X,,X,X,,X,,,X,,X,X,,,X,,X,X,,,,,,X,,X,,X,X,,,,X,,X,$540.00 
,,,Loloi ,"Victoria Red/Multi 2'-6"" X 7'-6""",,,Red,VITRVK-15REML2676,$199.00 ,,X,X,X,X,X,X,X,X,X,X,X,X,Opening,,,X,X,,X,X,,X,,,X,,X,X,,,X,,X,X,,,,,,X,,X,,X,X,,,,X,,X,$80.00 
,,,Loloi ,"Victoria Red/Multi 3'-6"" x 5'-6""",,,Red,VITRVK-15REML3656,$219.00 ,,X,X,X,X,X,X,X,X,X,X,X,X,Opening,,,X,X,,X,X,,X,,,X,,X,X,,,X,,X,X,,,,,,X,,X,,X,X,,,,X,,X,$89.00 
,,,Loloi ,"Victoria Red/Multi 5'-0"" x 7'-6""",,,Red,VITRVK-15REML5076,$369.00 ,,X,X,X,X,X,X,X,X,X,X,X,X,Mid,,,X,X,,X,X,,X,,,X,,X,X,,,X,,X,X,,,,,,X,,X,,X,X,,,,X,,X,$150.00 
,,,Loloi ,"Victoria Red/Multi 7'-9"" x 9'-9""",,,Red,VITRVK-15REML7999,$739.00 ,,X,X,X,X,X,X,X,X,X,X,X,X,High,,,X,X,,X,X,,X,,,X,,X,X,,,X,,X,X,,,,,,X,,X,,X,X,,,,X,,X,$305.00 
,,,Loloi ,"Victoria Red/Multi 9'-3"" X 13'",,,Red,VITRVK-15REML93D0,"$1,299.00 ",,X,X,X,X,X,X,X,X,X,X,X,X,High,,,X,X,,X,X,,X,,,X,,X,X,,,X,,X,X,,,,,,X,,X,,X,X,,,,X,,X,$540.00 
,,,Loloi ,"Victoria Teal/Multi 2'-6"" X 7'-6""",,,Blue,VITRVK-15TEML2676,$199.00 ,,X,X,X,X,X,X,X,X,X,X,X,X,Opening,,,X,X,,X,X,,X,,,X,,X,X,,,X,,X,X,,,,,,X,,X,,X,X,,,,X,,X,$80.00 
,,,Loloi ,"Victoria Teal/Multi 3'-6"" x 5'-6""",,,Blue,VITRVK-15TEML3656,$219.00 ,,X,X,X,X,X,X,X,X,X,X,X,X,Opening,,,X,X,,X,X,,X,,,X,,X,X,,,X,,X,X,,,,,,X,,X,,X,X,,,,X,,X,$89.00 
,,,Loloi ,"Victoria Teal/Multi 5'-0"" x 7'-6""",,,Blue,VITRVK-15TEML5076,$369.00 ,,X,X,X,X,X,X,X,X,X,X,X,X,Mid,,,X,X,,X,X,,X,,,X,,X,X,,,X,,X,X,,,,,,X,,X,,X,X,,,,X,,X,$150.00 
,,,Loloi ,"Victoria Teal/Multi 7'-9"" x 9'-9""",,,Blue,VITRVK-15TEML7999,$739.00 ,,X,X,X,X,X,X,X,X,X,X,X,X,High,,,X,X,,X,X,,X,,,X,,X,X,,,X,,X,X,,,,,,X,,X,,X,X,,,,X,,X,$305.00 
,,,Loloi ,"Victoria Teal/Multi 9'-3"" X 13'",,,Blue,VITRVK-15TEML93D0,"$1,299.00 ",,X,X,X,X,X,X,X,X,X,X,X,X,High,,,X,X,,X,X,,X,,,X,,X,X,,,X,,X,X,,,,,,X,,X,,X,X,,,,X,,X,$540.00 