3D Asset?,Prop ID,Link,Brand,Prop Name,Size,Color,Modsy Color,EXTERNAL_ID,Retail,Ghost Product,Living Room,Dining Room,Family Room,Office,Guest Room,Master Bedroom,Guest Bedroom,Kid's Room,Nursery,Entry,Studio,Open Living / Dining Room,Price Point,Pet-Friendly,Kid-Friendly,Mod Visionary,Rustic Warmth,Mod Enthusiast,Atomic Industrial,Mod Collector,Contemporary Connoisseur,Refined Rustic,Contemporary Minimalist,Elegant Connoisseur,Modern Rustic,Refined Modern,Mid-Century Chic,Industrial Visionary,Chic Collector,Comfortably Chic,Updated Traditional,Rustic Traveler,Contemporary Collector,Reclaimed Visionary,Discerning Collector,Less is More Chic,Inviting Industrial,Refined Connoisseur,Urban Collector,Classic Collector,Refined Industrial,Urban Traditional,Vintage Farmhouse,Modern Vintage,Industrial Chic,Farmhouse Chic,Refined Farmhouse,Timeless Traditional,Traditional Collector,Rustic Minimalist,Traditionally Chic,Cost 
,,,Noir,"Fingers Crossed, Brass","9.5"" x 4"" x 3""",,Metallic,AB-123BR,161,,X,X,X,X,X,X,X,X,X,X,X,X,High,,,X,,X,X,X,X,,X,,X,,,X,X,,,,X,X,,,X,,X,,,X,,,X,,,,,,,70
,,,Noir,"Thumbs Up, Brass","8.5"" x 4.5"" x 4.5""",,Metallic,AB-124BR,161,,X,X,X,X,X,X,X,X,X,X,X,X,High,,,X,,X,X,X,X,,X,,X,,,X,X,,,,X,X,,,,,,,,X,,,X,,,,,,,70
,,,Noir,"Open Hand, Brass","9"" x 8"" x 2.5""",,Metallic,AB-126BR,161,,X,X,X,X,X,X,X,X,X,X,X,X,High,,,X,,X,X,X,X,,X,,X,,,X,X,,,,X,X,,,X,,X,,,X,,,X,,,,,,,70
,,,Noir,"Ok Sign, Brass","9"" x 5"" x 4""",,Metallic,AB-127BR,161,,X,X,X,X,X,X,X,X,X,X,X,X,High,,,X,,X,X,X,X,,X,,X,,,X,X,,,,X,X,,,,,,,,X,,,X,,,,,,,70
,,,Noir,"I Love You, Brass","9.5"" x 6.5"" x 3""",,Metallic,AB-128BR,161,,X,X,X,X,X,X,X,X,X,X,X,X,High,,,X,,X,X,X,X,,X,,X,,,X,X,,,,X,X,,,,,,,,X,,,X,,,,,,,70
,,,Noir,"We Are Number One, Brass","9"" x 4.5"" x 3.5""",,Metallic,AB-129BR,161,,X,X,X,X,X,X,X,X,X,X,X,X,High,,,X,,X,X,X,X,,X,,,,,X,X,,,,X,X,,,X,,X,,,X,,,X,,,,,,,70
,,,Noir,"Peace Sign, Silver","9"" x 4.5"" x 3""",,Silver,AB-144SV,161,,X,X,X,X,X,X,X,X,X,X,X,X,High,,,X,,X,X,X,X,,X,,X,,,X,X,,,,X,X,,,,,,,,X,,,X,,,,,,,70
,,,Noir,"The Finger, Silver","9.5"" x 4.5"" x 2.5""",,Silver,AB-145SV,161,,X,X,X,X,X,X,X,X,X,X,X,X,High,,,X,,X,X,X,X,,X,,X,,,X,X,,,,X,X,,,,,,,,X,,,X,,,,,,,70
,,,Noir,"Thumbs Up, Silver","8.5"" x 4.5"" x 4.5""",,Silver,AB-147SV,161,,X,X,X,X,X,X,X,X,X,X,X,X,High,,,X,,X,X,X,X,,X,,X,,,X,X,,,,X,X,,,,,,,,X,,,X,,,,,,,70
,,,Noir,"Ok Sign, Silver","9"" x 5"" x 4""",,Silver,AB-150SV,161,,X,X,X,X,X,X,X,X,X,X,X,X,High,,,X,,X,X,X,X,,X,,X,,,X,X,,,,X,X,,,,,,,,X,,,X,,,,,,,70
,,,Noir,"I Love You, Silver","9.5"" x 6.5"" x 3""",,Silver,AB-151SV,161,,X,X,X,X,X,X,X,X,X,X,X,X,High,,,X,,X,X,X,X,,X,,X,,,X,X,,,,X,X,,,,,,,,X,,,X,,,,,,,70
,,,Noir,"Peace Sign, Brass","9"" x 4.5"" x 3""",,Metallic,AB-1BR,161,,X,X,X,X,X,X,X,X,X,X,X,X,High,,,,,X,X,X,,,,,,,,X,X,,,,X,X,,,,,,,,X,,,X,,,,,,,70
,,,Noir,"Zola Chair, Charcoal Black","29"" x 22"" x 21.5",,Black,AE-13CHB,$420.00,,,X,,,,,,,,,X,X,Mid,,,X,X,,,X,X,X,,,,,,,,,X,X,,X,X,,,,,X,X,,,X,,,,X,X,X,,$184.00
,,,Noir,"Reuleaux Coffee Table,Small, Charcoal Black","17"" x 21"" x 20.5""",,,AE-28CHB,$371.00 ,,X,,,,,,,,,,X,X,Opening,,X,X,,X,X,X,,,,,X,,,X,,,,,,,X,,,X,X,,,X,X,X,,,,,X,X,,$162.00
,,,Noir,"Reuleaux Coffee Table, Large, Charcoal Black","20"" x 29.5"" x 29""",,Black,AE-29CHB,$445.00 ,,X,,,,,,,,,,X,X,Mid,,X,X,,X,X,X,,,,,X,,,X,,,,,,,X,,,X,X,,,X,X,X,,,,,X,X,,$195.00
,,,Noir,Zigzag Bookcase,"89"" x 53"" x 12""",,Beige,GBCS139OW,2218,,X,X,X,X,X,X,X,X,X,X,X,X,High,,,X,,X,X,,X,,X,,X,X,,,,,,,X,X,X,X,X,X,,,,X,,X,X,,,,,,,970
,,,Noir,"Priam Shelf, Metal and Glass","88.5"" x 29.5"" x 19""",,Black,GBCS181MT,1792,,X,X,X,X,X,X,X,X,X,X,X,X,High,,,,,,,,,,,,,,,X,X,,,,X,X,,,X,,,,,,,,,,,,,,,784
,,,Noir,"Venice Bed, Eastern King, Weathered","85"" x 80"" x 85""",,Brown,GBED107EKWEA,2213,,,,,X,X,X,X,,,,X,,High,,,,,,,,,X,,X,,,,,,,,,,,X,,,X,,X,X,,,,,,X,X,X,,X,$968.00
,,,Noir,"Venice Bed, Eastern King, White Wash","85"" x 80"" x 85""",,White,GBED107EKWH,2213,,,,,X,X,X,X,,,,X,,High,,,,,,,,,X,,X,,,,,,,,,,,X,,,X,,X,X,,,,,,X,X,X,,X,$968.00
,,,Noir,"Venice Bed, Queen, Weathered","85"" x 65"" x 86""",,Brown,GBED107QWEA,1973,,,,,X,X,X,X,,,,X,,High,,,,,,,,,X,,X,,,,,,,,,,,X,,,X,,X,X,,,,,,X,X,X,,X,$863.00
,,,Noir,"Venice Bed, Queen, White Wash","85"" x 65"" x 86""",,White,GBED107QWH,1973,,,,,X,X,X,X,,,,X,,High,,,,,,,,,X,,X,,,,,,,,,,,X,,,X,,X,X,,,,,,X,X,X,,X,$863.00
,,,Noir,"Ferret Bed, Eastern King, Hand Rubbed Black","82"" x 86"" x 91.5""",,Brown,GBED109EKHB,3164,,,,,X,X,X,X,,,,X,,High,,,,,,,,,X,,X,,,,,,,,,,,X,,,X,,X,X,,,,,,X,X,X,,X,"$1,384.00"
,,,Noir,"Ferret Bed, Queen, Hand Rubbed Black","82"" x 71"" x 91""",,Brown,GBED109QHB,2917,,,,,X,X,X,X,,,,X,,High,,,,,,,,,X,,X,,,,,,,,,,,X,,,X,,X,X,,,,,,X,X,X,,X,"$1,276.00"
,,,Noir,"Bachelor Bed, Eastern King, Hand Rubbed Black","59.75"" x 82"" x 85""",,Brown,GBED112EKHB,2843,,,,,X,X,X,X,,,,X,,High,,,,X,,,,,X,,,,,,,,,X,X,,,,,,,,,X,,,,,,X,X,X,,,"$1,244.00"
,,,Noir,"Bachelor Bed, Queen, Hand Rubbed Black","59.75"" x 66"" x 85""",,Brown,GBED112QHB,2250,,,,,X,X,X,X,,,,X,,High,,,,X,,,,,X,,,,,,,,,X,X,,,,,,,,,X,,,,,,X,X,X,,,$984.00
,,,Noir,"Holden Bed, Eastern King, Teak","60.5"" x 84.5"" x 82""",,Brown,GBED125EKT,2200,,,,,X,X,X,X,,,,X,,High,,,X,X,,,X,,,,,,,,,,,X,X,,,,,,,,,,,X,,,,,,X,,,$963.00
,,,Noir,"Holden Bed, Full, Teak with Seagrass","60.5"" x 58.5"" x 79.5""",,Brown,GBED125FT,1941,,,,,X,X,X,X,,,,X,,High,,,X,X,,,X,,,,,,,,,,,X,X,,,,,,,,,,,X,,,,,,X,,,$849.00
,,,Noir,"Holden Bed, Queen, Teak","60.5"" x 65.5"" x 84.5""",,Brown,GBED125QT,1941,,,,,X,X,X,X,,,,X,,High,,,X,X,,,X,,,,,,,,,,,X,X,,,,,,,,,,,X,,,,,,X,,,$849.00
,,,Noir,Industry Bench,"25.5"" x 61"" x 17""",,Brown,GBEN110,"$1,483.00",,X,X,X,X,X,X,X,X,X,X,X,X,High,,,,X,,X,,X,X,,X,X,,,,X,X,X,X,X,X,,,X,X,,X,X,X,X,,X,X,X,,X,,X,649
,,,Noir,"Sweden Bench, Grey Wash","18.5"" x 72"" x 20""",,Grey,GBEN111GW,$816.00,,X,X,X,X,X,X,X,X,X,X,X,X,High,,,,X,,,,,X,,,X,,,,,,,X,,X,,,,,,,,,X,,,X,X,,X,,,357
,,,Noir,"Lagos Bench, Grey Wash","25"" x 47.5"" x 20.5""",,Grey,GBEN112GW,$977.00,,X,X,X,X,X,X,X,X,X,X,X,X,High,,,,X,,,,X,X,,,,,,,,,X,X,,,,,,,,X,,,X,,,X,,X,,,,427
,,,Noir,"Layton Chair, Dusk","35.5"" x 23.5"" x 29.5""",,Grey,GCHA197DS,$759.00 ,,,X,,,,,,,,,X,X,High,,,,X,X,,,,X,,,,,X,,,,X,X,,,,,,,X,,,,,X,,X,,,,,,$332.00
,,,Noir,"Neva Chair, Teak","42.5"" x 18"" x 22""",,Brown,GCHA198T,$596.00 ,,,X,,,,,,,,,X,X,High,,,X,,X,,X,X,,X,,X,,X,,,,,,X,,,,,,,,,,,,,,,,,X,,$261.00
,,,Noir,"Bowie Arm Chair, Teak","33.5"" x 25.5"" x 24""",,Brown,GCHA213T,$685.00 ,,,X,,,,,,,,,X,X,High,,,X,,,,X,X,,,,,,X,,,,,,X,,,,,,,,,,,,,,,,,X,,$300.00
,,,Noir,Le Main Chair,"30.5"" x 30"" x 21.5""",,Brown,GCHA220-2T,"$1,088.00",,,X,,,,,,,,,X,X,,,,,,,,,,,,,,,,,,,,X,,,,,,,,X,,,,,,,,,X,,,476
,,,Noir,"Buddha Chair, Teak","35.5"" x 24.5"" x 25""",,Brown,GCHA220T,$969.00,,,X,,,,,,,,,X,X,,,,,,,,,,,,,,,,,,,,X,,,,,,,,X,,,,,,,,,X,,,424
,,,Noir,"Athena Side Chair, Pale","35.5"" x 21"" x 25.5""",,Black,GCHA239P,$610.00 ,,,X,,,,,,,,,X,X,High,,,X,,X,,X,X,,,,,X,X,,,X,X,,,,,,,X,,,,,,X,,,,,,,,$267.00
,,,Noir,"Faley Chair, Teak","34"" x 18.5"" x 23""",,Brown,GCHA246T,$534.00 ,,,X,,,,,,,,,X,X,High,,,,X,,,,,X,,,X,,X,,,,X,X,X,X,X,,X,,,,,,,X,,,,,,,,$233.00
,,,Noir,"Esme Chair, Hand Rubbed Black","33.5"" x 20"" x 20.5""",,Brown,GCHA257HB,$492.00 ,,,X,,,,,,,,,X,X,Mid,,,X,,X,X,,X,X,X,,X,,X,,,,X,,X,,X,,,,X,,,X,,X,,,,,,X,,$215.00
,,,Noir,"Jude Chair, Teak with Caning","35"" x 21"" x 24""",,Brown,GCHA278T,$571.00 ,,,X,,,,,,,,,X,X,High,,,X,,,,,,X,X,,X,,,,,,,,X,X,,X,,,,,X,,,,X,,,,,X,,$250.00
,,,Noir,"Cohen Chair, Teak and Leather","31"" x 21.5"" x 30""",,,GCHA294T,"$1,335.00",,,X,,,,,,,,,X,X,High,,,,x,,,x,,,,,,,,,,,x,x,,,x,,,,,,,,,,,,,,X,X,,$584.00
,,,Noir,"Egypt Console, Grey","43"" x 48"" x 16""",,Grey,GCON119GR,"$1,903.00",,X,,X,,,,,,,,X,X,High,,,,X,,,,,,,X,,,,,X,X,,X,X,,,,,,,X,,,,,,X,,,,,,$833.00
,,,Noir,"Chateau Sofa Table, Weathered","35.5"" x 72"" x 18""",,Beige,GCON127WEA,"$1,261.00 ",,X,,X,,,,,,,,X,X,High,,,,X,,,,X,X,,,,,,,,X,X,,,,,,,,,,,,X,,,,X,X,X,,,$552.00
,,,Noir,Hugan Console,"32.5"" x 68.5"" x 19""",,Brown,GCON158,"$1,973.00 ",,X,,X,,,,,,,,X,X,High,,,X,,X,,X,,,X,,X,X,X,,,,,,,,,X,,,,,,,,X,,,,,,X,,$863.00
,,,Noir,Nelson Console,"32"" x 60"" x 14""",,Brown,GCON160,"$1,582.00 ",,X,,X,,,,,,,,X,X,High,,,,,,,X,,,,,,,,,X,,,X,X,,X,,,,X,,,,,,,,,,,,,$692.00
,,,Noir,"Theodore Sideboard, Weathered","30"" x 87"" x 21""",,Grey,GCON172WEA,"$2,794.00 ",,,X,,,,,,,,,X,X,High,,,X,,X,,X,,X,,X,,,,,,,X,,,X,X,,,,,,,X,,,,,,,,,X,"$1,222.00"
,,,Noir,"Wander Chest, Pale","34"" x 60"" x 20""",,Brown,GCON179P,2220,,,,,,X,X,X,,,,X,,High,,,,X,,,,,,,,,,,X,,,,,,,,,,,,,,X,,X,X,X,,,X,X,,971
,,,Noir,"Beth Sideboard, Pale","34"" x 61"" x 18""",,Brown,GCON189P,"$2,126.00 ",,,X,,,,,,,,,X,X,High,,X,,,,X,X,,,X,,,,,X,,X,,,X,,X,X,X,,,,,,,,,,,,,,,$930.00
,,,Noir,New York Sideboard,"32.5"" x 87"" x 23""",,Brown,GCON190,"$2,818.00 ",,,X,,,,,,,,,X,X,High,,,Y,,,,,,,,,X,X,,,,,,,,X,,,,,,,,,,,,,,,,X,,"$1,233.00"
,,,Noir,"New York Sideboard, Petite","33.5"" x 66"" x 23""",,Brown,GCON190-S,"$2,447.00 ",,,X,,,,,,,,,X,X,High,,,,,,,,,,,,X,X,,,,,,,,X,,,,,,,,,,,,,,,,X,,"$1,071.00"
,,,Noir,"Sutton Console, Hand Rubbed Black","30"" x 72"" x 16""",,Black,GCON201HB,"$1,471.00 ",,X,,X,,,,,,,,X,X,High,,,,X,,,,X,X,,,,,,,,X,X,,X,,,,,X,,X,,,X,X,,X,X,X,X,,X,$644.00
,,,Noir,Warus Sideboard,"32"" x 88"" x 23""",,Brown,GCON215OW,"$2,818.00 ",,,X,,,,,,,,,X,X,High,,,,X,X,,,,X,,,X,,,,X,,X,X,,X,X,,,,X,,,X,,X,,,,,,X,,"$1,233.00"
,,,Noir,"Quadrant 2 Door Sideboard, Dark Walnut","33.5"" x 52"" x 23""",,Brown,GCON231DW-2,"$2,324.00 ",,,X,,,,,,,,,X,X,High,,,X,,X,,X,,,,,X,,,,,,X,X,X,X,X,,,,,,,,,X,,,,,X,,,"$1,017.00"
,,,Noir,"Quadrant 3 Door Sideboard, Dark Walnut","33.5"" x 76"" x 23""",,Brown,GCON231DW-3,"$3,374.00 ",,,X,,,,,,,,,X,X,High,,,X,,X,,X,,,,,X,,,,,,X,X,X,X,X,,,,,,,,,X,,,,,X,,,"$1,476.00"
,,,Noir,"Quadrant 2 Door Sideboard, Washed Walnut","33.5"" x 52"" x 23""",,Brown,GCON231WAW-2,"$2,150.00 ",,,X,,,,,,,,,X,X,High,,,X,,X,,X,,,,,X,,,,,,X,X,X,X,X,,,,,,,,,X,,,,,X,,,$941.00
,,,Noir,"Quadrant 3 Door Sideboard, Washed Walnut","33.5"" x 76"" x 23""",,Brown,GCON231WAW-3,"$3,164.00 ",,,X,,,,,,,,,X,X,High,,,X,,X,,X,,,,,X,,,,,,X,X,X,X,X,,,,,,,,,X,,,,,X,,,"$1,384.00"
,,,Noir,"Brook 4 Door Sideboard, Pale","32"" x 76.5"" x 22.5""",,Brown,GCON239-2P,"$2,213.00 ",,,X,,,,,,,,,X,X,High,,,X,X,,,X,,,,,X,,,,,,,X,X,,,,,,,,,,,,,,,,,,,$968.00
,,,Noir,"Morten 9 Drawer Dresser, Pale","33"" x 72"" x 22""",,Brown,GCON241P,2373,,,,,,X,X,X,,,,X,,High,,,,,,,,,,,,X,,,X,,,,,,,,,X,,X,,,,,,,,,,,X,,1038
,,,Noir,"Morten 9 Drawer Dresser, White Wash","33"" x 72"" x 22""",,White,GCON241WH,2373,,,,,,X,X,X,,,,X,,High,,,,,,,,,,,,X,,,X,,,,,,,,,X,,X,,,,,,,,,,,X,,1038
,,,Noir,"Novie Console, Large, Dark Walnut, Walnut and Metal","28.5"" x 84"" x 15.5""",,Brown,GCON242MT-L,"$2,077.00 ",,X,,X,,,,,,,,X,X,High,,,,X,,X,,,X,,,X,,,X,,,,X,,X,,,X,,X,,X,X,X,,X,X,X,,,X,,$909.00
,,,Noir,"Zurich Console, Dark Walnut","32"" x 60"" x 19""",,Brown,GCON262DW,"$1,631.00 ",,X,,X,,,,,,,,X,X,High,,,X,,X,X,X,,,,,,,X,,X,,,X,,,,,,,,,X,,,,,,,,,,,$714.00
,,,Noir,"Smith 2 Door Sideboard, Hand Rubbed Black","30.5"" x 40"" x 22""",,Brown,GCON273HB-2,"$1,434.00 ",,,X,,,,,,,,,X,X,High,,,,,,X,,,,X,,X,,,X,,,X,X,,,,,X,,X,,,X,,,,,,,X,,,$627.00
,,,Noir,"Narcisse Sideboard, Pale","32"" x 67.5"" x 20""",,Brown,GCON278P,"$2,447.00 ",,,X,,,,,,,,,X,X,High,,,X,,,,X,,,X,X,,,,,X,,X,X,X,X,X,,,X,,X,,,,,X,X,,,X,X,,"$1,071.00"
,,,Noir,"Ra Sideboard, Hand Rubbed Black with Teak","30.5"" x 76"" x 20""",,Black,GCON280HBT,"$2,719.00 ",,,X,,,,,,,,,X,X,High,,,X,,X,,X,,,,,X,,,,X,,,X,X,,X,,,,X,,,,,X,X,,,,,,X,"$1,190.00"
,,,Noir,"Lanon Sideboard with Metal Base, Dark Walnut","32"" x 80"" x 21""",,Brown,GCON289DW,"$3,263.00",,,X,,,,,,,,,X,X,High,,,,,X,,X,,,X,,X,,,,X,X,,,,,X,,,,X,,,X,,,X,,,,X,X,X,"$1,428.00"
,,,Noir,"Draco Sideboard with Metal Stand, Washed Walnut","28"" x 36"" x 21""",,Brown,GCON301WAW,"$1,742.00",,,X,,,,,,,,,X,X,High,,,X,,,X,X,,,,,X,,,,,,,X,,X,X,,,,X,,,,,X,X,X,,,,,X,$762.00
,,,Noir,"Portuguese Desk, Hand Rubbed Black","31"" x 72"" x 32""",,Brown,GDES115HB,2596,,X,,X,X,X,X,X,,,,X,X,High,,,X,,,,X,X,,X,,,X,,,,,,,X,,X,,,,,,,,,,X,,,,,,,1136
,,,Noir,"Portuguese Desk, Solid White","31"" x 72"" x 32""",,White,GDES115SW,2596,,X,,X,X,X,X,X,,,,X,X,High,,X,X,X,,X,X,X,,X,,,X,,,,,,,X,,X,,,,,,,,,,X,,,,,,,1136
,,,Noir,"Ascona Small Chest, Hand Rubbed Black","30"" x 42"" x 20""",,Brown,GDRE137HB,1458,,,,,,X,X,X,,,,X,,Mid,,,,X,,,,,,,,,,,X,,,,X,,X,,,,,,X,,,X,,,,X,X,X,,,638
,,,Noir,"Watson Dresser, Weathered","32.5"" x 40"" x 22.5""",,Brown,GDRE159WEA,1765,,,,,,X,X,X,,,,X,,High,,,,X,,,,,X,,,,,,,,,X,X,X,,X,,,X,,X,X,,,,,,X,X,X,X,,772
,,,Noir,Gia Chest,"30"" x 42.5"" x 20""",,Beige,GDRE160,1458,,,,,,X,X,X,,,,X,,Mid,,,,X,,,,,X,,,,,,,X,,X,X,,,,,,X,,X,,,X,X,,X,X,X,X,,X,638
,,,Noir,"London Sideboard, Dark Walnut","32"" x 42"" x 20""",,Brown,GDRE178DW,"$1,854.00 ",,,X,,,,,,,,,X,X,High,,,,,,,,,,,X,,,,,X,,,X,X,,,,,X,X,X,X,,,,,,,,X,,,$811.00
,,,Noir,"Giza Dresser, Pale","32.5"" x 45.5"" x 23.5""",,Brown,GDRE179P,1750,,,,,,X,X,X,,,,X,,High,,,,,X,X,,X,,,,,,,X,,,,,X,X,,,,,,,,,,,,,,,,,,766
,,,Noir,"Giza Dresser, White Weathered","32.5"" x 45.5"" x 23.5""",,White,GDRE179WW,1750,,,,,,X,X,X,,,,X,,High,,,,,X,X,,X,,,,,,,X,,,,,X,X,,,,,,,,,,,,,,,X,,X,766
,,,Noir,"Diamond Chest, Dark Walnut","34"" x 36"" x 23""",,Brown,GDRE180DW,2077,,,,,,X,X,X,,,,X,,High,,,X,,X,X,,X,,X,,,,,,,X,,,X,,X,,,,X,,X,,,X,,,,,,,,909
,,,Noir,"Atlas Dresser, Hand Rubbed Black","32.5"" x 65.5"" x 17""",,Brown,GDRE215HB,2250,,,,,,X,X,X,,,,X,,High,,,X,X,X,X,,X,,X,,X,X,XX,,,,,,X,,,,,,,,X,,,,,,,,,,,984
,,,Noir,"Maharadshcha Hutch, Pale","99.5"" x 51"" x 21.5""",,,GHUT118P,4697,,,X,,,,,,,,,X,X,,,,,,X,X,X,X,,,,,X,X,,X,,,,X,X,X,X,X,,,,,,,,X,X,,,,,,2055
,,,Noir,"Jones Hutch, Old Wood","90.5"" x 43"" x 24.5""",,,GHUT125OW,3530,,,X,,,,,,,,,X,X,,,,,,X,X,X,X,,X,,X,,,X,X,,,,,,,X,,,,,,,,,,,,,,,,1545
,,,Noir,"Saddle Counter Stool, Hand Rubbed Black","26"" x 18"" x 20""",,Brown,GSTOOL111HBS,$418.00 ,,X,X,X,X,X,X,X,X,X,X,X,X,High,,,,X,,,,X,X,,,,X,,,,,X,X,X,,,,,X,,,X,,X,X,,,X,X,X,,,$183.00
,,,Noir,Baxter Bar Stool,"30"" x 17"" x 16.5""",,Brown,GSTOOL130MTL,$794.00 ,,X,X,X,X,X,X,X,X,X,X,X,X,High,,,,,X,X,X,,,,,X,,,,,,,X,,,X,X,X,,,,,,,X,,X,,,,X,X,$347.00
,,,Noir,Baxter Counter Stool,"24"" x 17"" x 17""",,Brown,GSTOOL130MTS,$794.00,,X,X,X,X,X,X,X,X,X,X,X,X,High,,,,,X,X,X,,,,,X,,,,,,,X,,,X,X,X,,,,,,,X,,X,,,,X,X,$347.00
,,,Noir,"Abacus Bar Stool, Hand Rubbed Black","30"" x 16"" x 16""",,Black,GSTOOL201HBL-C,$420.00,,X,X,X,X,X,X,X,X,X,X,X,X,High,,,,X,,,,X,X,,,,,,,,,X,X,X,,,,,,,X,X,,,,,,,X,X,,,$184.00
,,,Noir,"Abacus Counter Stool, Hand Rubbed Black","24"" x 16"" x 16""",,Black,GSTOOL201HBS-C,$408.00,,X,X,X,X,X,X,X,X,X,X,X,X,High,,,,X,,,,X,X,,,,,,,,,X,X,X,,,,,,,X,X,,,,,,,X,X,,,$179.00
,,,Noir,"Abacus Bar Stool, White Wash","30"" x 16"" x 16""",,White,GSTOOL201WHL-C,$420.00,,X,X,X,X,X,X,X,X,X,X,X,X,High,,,,X,,,,X,X,,,,,,,,,X,X,X,,,,,,,X,X,,,,,,,X,X,,,$184.00
,,,Noir,"Abacus Counter Stool, White Wash","24"" x 16"" x 16""",,White,GSTOOL201WHS-C,$408.00,,X,X,X,X,X,X,X,X,X,X,X,X,High,,,,X,,,,X,X,,,,,,,,,X,X,X,,,,,,,X,X,,,,,,,X,X,,,$179.00
,,,Noir,"Lois Coffee Table, Metal and Quartz","18.5"" x 56"" x 30""",,White,GTAB1002MT,"$1,063.00 ",,X,,,,,,,,,,X,X,High,,,X,X,X,X,X,,X,X,,X,,X,X,,,X,X,X,,,,,,X,,X,X,,X,,,,,X,X,,$465.00
,,,Noir,"Sutton Coffee Table, Hand Rubbed Black","18"" x 60"" x 34""",,Brown,GTAB121HB,"$1,186.00 ",,X,,,,,,,,,,X,X,High,,,,X,,,,X,X,,X,,X,,,,X,X,X,X,,,,,,,,,,X,,,X,X,X,X,X,X,$519.00
,,,Noir,"Sutton Coffee Table, White Wash","18"" x 60"" x 34""",,White,GTAB121WH,"$1,186.00 ",,X,,,,,,,,,,X,X,High,,,,X,,,,X,X,,X,,X,,,,X,X,X,X,,,,,,,,,,X,,,X,X,X,X,X,X,$519.00
,,,Noir,Eclipse Oval Coffee Table,"19.5"" x 49"" x 29""",,Black,GTAB132MT,"$1,115.00 ",,X,,,,,,,,,,X,X,High,,,,,,,,,,X,,,X,,,,,,,,,X,,,X,,,,,,X,,,X,,,X,,$488.00
,,,Noir,"Graff Coffee Table, Hand Rubbed Black","18"" x 64"" x 37.5""",,Brown,GTAB138HB,"$1,335.00 ",,X,,,,,,,,,,X,X,High,,,,X,,,,X,X,,X,,,,,,,X,,,,,,,,,,,,X,,,X,,X,,,,$584.00
,,,Noir,"Graff Coffee Table, Weathered","18"" x 64"" x 37.5""",,Beige,GTAB138WEA,"$1,335.00 ",,X,,,,,,,,,,X,X,High,,,,X,,,,X,X,,X,,,,,,,X,,,,,,,,,,,,X,,,X,,X,,,,$584.00
,,,Noir,Vert Coffee Table,"16"" x 47.5"" x 31.5",,Brown,GTAB174,"$1,669.00 ",,X,,,,,,,,,,X,X,High,,,,X,,,X,,X,,,X,,,,,,,X,,,X,,,,,,,,,X,,,X,,,X,,$730.00
,,,Noir,"Scheffield Round End Table, Black","28"" x 30"" x 30""",,Black,GTAB223,$754.00 ,,X,,X,,,,,,,,X,X,High,,,,X,,,X,,,,,,,,,,,X,X,,,,,,,,,,,X,,,,,X,,,,$330.00
,,,Noir,"Scheffield Round End Table, Distressed Brown","28"" x 30"" x 30""",,Brown,GTAB223D,$754.00 ,,X,,X,,,,,,,,X,X,High,,,,X,,,X,,,,,,,,,,,X,,,,,,,,,,,,X,,,,,X,,,,$330.00
,,,Noir,"2 Shelf Side Table, Hand Rubbed Black","26"" x 28"" x 18""",,Brown,GTAB235HB,$442.00 ,,X,,X,,,,,,,,X,X,High,,,,,,X,X,,X,X,,X,X,,,,,,X,,,,,X,,X,,X,,,X,,,,,,,,$194.00
,,,Noir,"2 Shelf Side Table, White Wash","26"" x 28"" x 18""",,White,GTAB235WH,$442.00 ,,X,,X,,,,,,,,X,X,High,,,,,,X,X,,X,X,,X,X,,,,,,X,,,,,X,,X,,X,,,X,,,,,,,,$194.00
,,,Noir,"Hampton Side Table, Hand Rubbed Black","30"" x 36"" x 22""",,Brown,GTAB245HB,"$1,150.00 ",,X,,X,,,,,,,,X,X,High,,,,X,,X,X,,X,,,X,,,X,,,,X,,X,,,,,,,,,X,,,X,,,,,,$503.00
,,,Noir,"Hampton Side Table, White Wash","30"" x 36"" x 22""",,White,GTAB245WH,"$1,150.00 ",,X,,X,,,,,,,,X,X,High,,,,X,,X,X,,X,,,X,,,X,,,,X,,X,,,,,,,,,X,,,X,,,,,,$503.00
,,,Noir,"Oxford 2-Drawer Side Table, Hand Rubbed Black","30"" x 28"" x 20""",,Black,GTAB246HB,$749.00 ,,X,,X,,,,,,,,X,X,High,,,,X,,,,,X,,,,,,,,,,X,,,,,,,,,,,X,,,X,,X,,,X,$328.00
,,,Noir,"Oxford 2-Drawer Side Table, Weathered","30"" x 28"" x 20""",,Beige,GTAB246WEA,$749.00 ,,X,,X,,,,,,,,X,X,High,,,,X,,,,,X,,,,,,,,,,X,,,,,,,,,,,X,,,X,,X,,,X,$328.00
,,,Noir,"Oxford 2-Drawer Side Table, White Wash","30"" x 28"" x 20""",,White,GTAB246WH,$749.00 ,,X,,X,,,,,,,,X,X,High,,,,X,,,,,X,,,,,,,,,,X,,,,,,,,,,,X,,,X,,X,,,X,$328.00
,,,Noir,Imperial Side Table,"26""x 26"" x 26""",,Black,GTAB251HB,$878.00 ,,X,,X,,,,,,,,X,X,High,,,,X,,,,X,,,,,,,,,,X,,,,,,,,,,,,,,,,,,,,,$384.00
,,,Noir,"Imperial Side Table, White Wash","26""x 26"" x 26""",,White,GTAB251WH,$878.00 ,,X,,X,,,,,,,,X,X,High,,,,X,,,,X,,,,,,,,,,X,,,,,,,,,,,,,,,,,,,,,$384.00
,,,Noir,Industry Side Table,"31.5"" x 34"" x 20""",,Grey,GTAB254,"$1,038.00 ",,X,,X,,,,,,,,X,X,High,,,,,,X,,,,,,,,,,X,,,,,,,,,,,,,,X,,X,X,,,,,,$454.00
,,,Noir,"Rivoli Side Table, Antique Brass, Metal and Quartz","30"" x 25"" x 25""",,Metallic,GTAB278MB,$966.00 ,,X,,X,,,,,,,,X,X,High,,,,,X,X,X,X,,,X,,,,,,X,,,,,,,,,,,,,,X,X,,,,,,,$423.00
,,,Noir,Curved Front Side Table,"28.5"" x 30"" x 22""",,Beige,GTAB290VGR,"$1,261.00 ",,X,,X,,,,,,,,X,X,High,,,,X,,,,,,,X,,X,X,,,,,,,,,,,,,,,,X,,,,,X,X,,,$552.00
,,,Noir,"Zimmerman Side Table, Old Wood","28"" x 28"" x 28""",,Brown,GTAB292OW,$860.00 ,,X,,X,,,,,,,,X,X,High,,,,X,,,,,,,,,,,X,,,,X,,,,,,,,,,,X,,,X,,X,X,,,$376.00
,,,Noir,"Eclipse Round Side Table, Antique Brass","26"" x 22"" x 22""",,Metallic,GTAB302MB,"$1,384.00 ",,X,,X,,,,,,,,X,X,High,,,,,,,X,,,X,,,,,,X,,,X,X,,X,,,X,,,,,,X,X,,,,,,X,$606.00
,,,Noir,Eclipse Round Side Table,"26"" x 22"" x 22""",,Brown,GTAB302MT,$778.00 ,,X,,X,,,,,,,,X,X,High,,,,,,,X,,,X,,,,,,X,,,X,X,,X,,,X,,,,,,X,X,,,,,,X,$341.00
,,,Noir,"Tini Side Table, Antique Brass","24"" x 10"" x 10""",,Metallic,GTAB303MB,$531.00 ,,X,,X,,,,,,,,X,X,High,,,,,,,,X,,,X,,,,X,,,,X,X,,X,,,X,,X,,,,,,,,,,,,$232.00
,,,Noir,Tini Side Table,"24"" x 10"" x 10""",,Brown,GTAB303MT,$383.00 ,,X,,X,,,,,,,,X,X,High,,,,,,,,X,,,X,,,,X,,,,X,X,,X,,,X,,X,,,,,,,,,,,,$168.00
,,,Noir,"Ariana Side Table, Dark Walnut","28"" x 30"" x 30""",,Brown,GTAB335DW,$939.00 ,,X,,X,,,,,,,,X,X,High,,,,X,,,,,X,,,X,,,,,,X,X,,X,X,,,,,X,,,X,,,,,,,,,$411.00
,,,Noir,"Fatima Side Table, Dark Walnut","26.5"" x 28"" x 15""",,Brown,GTAB382DW,$816.00 ,,X,,X,,,,,,,,X,X,High,,,X,,X,,X,,,X,,,,,,,,,,,,,,,,,,,,,,,,,,,,,$357.00
,,,Noir,"Zinc Round Table with X Base, Vintage","30"" x 60"" x 60""",,Beige,GTAB428,"$2,202.00",,,X,,,,,,,,,X,X,High,,,,X,,,,,X,,,,,,,,,,X,,X,,,,,,X,X,,X,,,,X,X,X,,,$964.00
,,,Noir,X Base Table with Hammered Zinc,"30.5"" x 84.5"" x 44""",,Beige,GTAB432,"$2,447.00",,,X,,,,,,,,,X,X,High,,,,X,,,,,,,,,,,,,,,X,,X,,,,X,X,,X,X,,,,,X,,X,,,"$1,071.00"
,,,Noir,"Zinc Top Table, Old Wood","29.5"" x 60"" x 60""",,Beige,GTAB445,"$2,670.00",,,X,,,,,,,,,X,X,High,,,,,,,,,X,,,,,,,X,,,,,X,X,,,X,,X,X,,X,,,,X,X,X,,,"$1,168.00"
,,,Noir,"Demetria Table, Metal and Quartz","29"" x 43"" x 37.5""",,Metallic,GTAB500MB,"$2,050.00",,,X,,,,,,,,,X,X,High,,,X,,X,,X,,,,,X,,X,,X,X,,,,,X,X,X,,,,,,,,X,X,,,,,X,$897.00
,,,Noir,"Laredo Table, 36"", Antique Brass, White Marble Top","29"" x 36"" x 36""",,Metallic,GTAB514MB-36,"$1,063.00",,,X,,,,,,,,,X,X,Mid,,,X,,X,X,,,,,,,,X,,X,X,,,,,,X,X,,X,,,,,X,X,X,,,,,,$465.00
,,,Noir,"Laredo Table, 40"", Antique Brass, White Marble Top","29"" x 40.5"" x 40.5""",,Metallic,GTAB514MB-40,"$1,268.00",,,X,,,,,,,,,X,X,Mid,,,X,,X,X,,,,,,,,X,,X,X,,,,,,X,X,,X,,,,,X,X,X,,,,,,$555.00
,,,Noir,"Laredo 36"" Bistro Table, Black Marble Top","29.5"" x 36"" x 36""",,Black,GTAB515MT-36,$855.00,,,X,,,,,,,,,X,X,Opening,,,X,,X,X,,,,,,,,X,,X,X,,,,,,X,X,,X,,,,,X,X,X,,,,,,$374.00
,,,Noir,"Laredo 40"" Bistro Table, Black Marble Top","29.5"" x 40"" x 40""",,Black,GTAB515MT-40,"$1,014.00",,,X,,,,,,,,,X,X,Mid,,,X,,X,X,,,,,,,,X,,X,X,,,,,,X,X,,X,,,,,X,X,X,,,,,,$443.00
,,,Noir,"Anna Side Table, Metal and Antiqued Mirror","30"" x 25"" x 25""",,Black,GTAB622MT,$853.00 ,,X,,X,,,,,,,,X,X,High,,,,,X,X,,X,,,X,,X,,X,,,,,,,,,,,,,,,,,,,,,,,,$373.00
,,,Noir,"Terni Side Table, Cast Iron","20"" x 12"" x 12""",,Brown,GTAB634MT,$581.00 ,,X,,X,,,,,,,,X,X,High,,,,X,,X,,,,,X,,,,X,,,,,,,X,,,,,,,,,,,,,,,,,$254.00
,,,Noir,Vert Side Table,"16"" x 16"" x 16""",,Brown,GTAB641,$408.00 ,,X,,X,,,,,,,,X,X,High,,,,,,,X,,X,,,X,,,,,,,X,,,X,,,,,,,,,,,,,,,,,$179.00
,,,Noir,"Weldon Side Table, Pale","28.5"" x 30"" x 20""",,Brown,GTAB665P,$791.00 ,,X,,X,,,,,,,,X,X,High,,,,X,,,,X,X,X,X,,,,,X,,X,X,X,,X,X,,X,,X,,,,X,,,,,,,,$346.00
,,,Noir,"Garland Side Table, Elm and Metal","28"" x 26"" x 18""",,Brown,GTAB672MT,$986.00 ,,X,,X,,,,,,,,X,X,High,,,X,,X,X,X,X,,,,X,,X,X,,,,,,,,,,,,,,,,,,,,,,,,$432.00
,,,Noir,"Edith Adjustable Side Table, Large, Antique Brass, Metal and Quartz","24.5"" x 30.5"" x 30.5""",,Metallic,GTAB679MB-L,"$1,186.00 ",,X,,X,,,,,,,,X,X,High,,,X,,X,,X,,X,X,,,,,,X,X,,,X,,X,X,,X,,,,,,,,,,,,,,$519.00
,,,Noir,"Edith Adjustable Side Table, Small, Antique Brass, Metal and Quartz","24.5"" x 20.5"" x 20.5""",,Metallic,GTAB679MB-S,"$1,038.00 ",,X,,X,,,,,,,,X,X,High,,,X,,X,,X,X,,,X,,,,,X,X,,,X,,X,X,,X,,,,,,,,,,,,,,$454.00
,,,Noir,"Edith Adjustable Side Table, Large","24.5"" x 30.5"" x 30.5""",,Black,GTAB679MT-L,"$1,014.00 ",,X,,X,,,,,,,,X,X,High,,,X,,X,,X,X,,,X,,,,,X,X,,,X,,X,X,,X,,,,,,,,,,,,,,$443.00
,,,Noir,"Edith Adjustable Side Table, Small","24.5"" x 20.5"" x 20.5""",,Black,GTAB679MT-S,$900.00 ,,X,,X,,,,,,,,X,X,High,,,X,,X,,X,X,,,X,,,,,X,X,,,X,,X,X,,X,,,,,,,,,,,,,,$394.00
,,,Noir,"Hiro Side Table, Metal","24.5"" x 17"" x 17""",,Black,GTAB690MT,$687.00 ,,X,,X,,,,,,,,X,X,High,,,X,,X,X,X,X,,X,X,,X,,,X,X,,,,,X,X,,X,,X,,,,X,,,,,,,,$301.00
,,,Noir,"David Side Table, Dark Walnut","32.5"" x 32"" x 22""",,Brown,GTAB717DW-S,"$1,854.00 ",,X,,X,,,,,,,,X,X,High,,,X,,X,X,X,,X,,,X,X,X,,,,,X,,,,,X,,,,,,,X,,,,,,,,$811.00
,,,Noir,"David 32"" Side Table, Washed Walnut","32.5"" x 32"" x 22""",,Brown,GTAB717WAW-S,"$1,735.00 ",,X,,X,,,,,,,,X,X,High,,,X,,X,X,X,,X,,,X,X,X,,,,,X,,,,,X,,,,,,,X,,,,,,,,$759.00
,,,Noir,"Ace Side Table, Metal and Walnut","26"" x 16"" x 16""",,Brown,GTAB737MT,$717.00 ,,X,,X,,,,,,,,X,X,High,,,,,X,X,X,,,X,,X,,,X,,,,,,,X,,X,,X,,,X,,,X,,,,,X,X,$314.00
,,,Noir,"Sumiko Side Table, Pale","27.5"" x 30"" x 18""",,Brown,GTAB787P,$705.00 ,,X,,X,,,,,,,,X,X,High,,,,X,,,,X,X,X,X,X,,,X,,,X,,,,X,,,,,X,,X,,X,X,X,,,,X,X,$308.00
,,,Noir,"Gavin Side Table, Hand Rubbed Black","24.5"" x 25"" x 25""",,Black,GTAB793HB,$544.00 ,,X,,X,,,,,,,,X,X,High,,X,,,,X,,,,X,,X,,,X,,,X,,,X,X,,X,,,,,X,,,X,X,,,,,X,$238.00
,,,Noir,"Antony Side Table, Pale","28.5"" x 32"" x 18""",,Brown,GTAB830P,$734.00 ,,X,,X,,,,,,,,X,X,High,,,,,,X,,,,X,,X,,,X,,,X,,,X,X,,X,,,X,,X,,,X,X,,,,,X,$321.00
,,,Noir,"Ford Tall Side Table, Gold Teak with Metal Base","25.5"" x 20"" x 20""",,Brown,GTAB857LGT,$504.00 ,,X,,X,,,,,,,,X,X,High,,,X,,,,X,,,X,,X,,X,X,,,,,,,X,,X,,X,,,X,,X,X,X,,,X,X,X,$221.00
,,,Noir,"Ford Small Side Table, Gold Teak with Metal Base","20"" x 20"" x 20""",,Brown,GTAB857SGT,$490.00 ,,X,,X,,,,,,,,X,X,High,,,X,,,,X,,,X,,X,,X,X,,,,,,,X,,X,,X,,,X,,X,X,X,,,X,X,X,$214.00
,,,Noir,"Idiom Side Table, Matte Black","19.5"" x 15.5"" x 15.5""",,,GTAB868MTB,$534.00 ,,X,,X,,,,,,,,X,X,High,,X,,,X,,,X,,X,,X,X,,,,,,,X,,,,,,,,,,,X,,,,,,X,,$233.00
,,,Noir,Lex Chandelier,"17.5"" x 39"" x 37.5""",,Black,LAMP411,737,,X,X,X,X,X,X,X,X,X,X,X,X,High,,,,,,,,X,,X,,,,,X,,,,,X,,,,X,,,,X,,,,,,,,,,,322
,,,Noir,Asti Floor Lamp,"72"" x 21.5"" x 19""",,Black,LAMP445,534,,X,X,X,X,X,X,X,X,X,X,X,X,High,,,,,,X,,X,,X,,,X,,X,X,,,,X,X,X,X,X,,X,,X,,,,,,,,,,,233
,,,Noir,"Pluto Chandelier, Large","42.5"" x 63"" x 54""",,Black,LAMP478L,2311,,X,X,X,X,X,X,X,X,X,X,X,X,High,,,,,,X,,X,,X,,,X,,X,X,,,,X,X,X,,X,,X,,X,X,,X,X,,,,,,,1011
,,,Noir,"Pluto Chandelier, Small","31"" x 44.5"" x 44.5""",,Black,LAMP478S,1397,,X,X,X,X,X,X,X,X,X,X,X,X,High,,,,,,X,,X,,X,,,X,,X,X,,,,X,X,X,,X,,X,,X,X,,X,X,,,,,,,611
,,,Noir,Orion Pendent,"38"" x 38"" x 38""",,Black,LAMP517,803,,X,X,X,X,X,X,X,X,X,X,X,X,High,,,,,,X,X,X,,X,,,X,,X,X,,,,X,,,,X,,,,,,,,,,,,,X,,351
,,,Noir,"Orion Pendent, Antique Brass","38"" x 38"" x 38""",,Metallic,LAMP517MB,1390,,X,X,X,X,X,X,X,X,X,X,X,X,High,,,,,,X,X,X,,X,,,X,,X,X,,,,X,,,,X,,,,,,,,,,,,,X,,608
,,,Noir,"Pisa Floor Lamp, Antique Brass","64.5"" x 28.5"" x 15""",,Metallic,LAMP535MB,746,,X,X,X,X,X,X,X,X,X,X,X,X,High,,,X,,X,X,X,X,,,,X,,,X,,,,,X,X,,X,X,,X,,X,,,,X,,X,,,X,,327
,,,Noir,Mystic Chandelier,"26.5"" x 23.5"" x 23.5""",,Metallic,LAMP560MB,1631,,X,X,X,X,X,X,X,X,X,X,X,X,High,,,X,,X,X,,X,,X,,,,,,,,,,,,,,X,,X,,,,,,,,,,,,,714
,,,Noir,"Ikram Chandelier, Antique Brass","18"" x 47"" x 45""",,Metallic,LAMP609MB,964,,X,X,X,X,X,X,X,X,X,X,X,X,High,,,,,,,,,,X,,,X,,X,,,,,X,,,,X,,,,X,,,,X,,,,,,,422
,,,Noir,"Vadim Table Lamp, Antique Brass","26"" x 14"" x 14""",,Metallic,LAMP628MBSH,395,,X,X,X,X,X,X,X,X,X,X,X,X,High,,,X,,,X,,X,,X,,,,,,,,,,X,,,,,,,,,,,,,,,,,,,173
,,,Noir,"Abacus Relax Chair, Distressed Brown","41"" x 26"" x 32""",,Brown,SOF109D,"$1,533.00",,,X,,,,,,,,,X,X,,,,,X,,,,X,X,,X,,,,,,,X,,,,,,,,,X,,X,X,X,,X,X,X,X,,X,671
,,,Noir,"Abacus Relax Chair, Distressed Black","41"" x 26"" x 32""",,Black,SOF109D1,"$1,533.00",,,X,,,,,,,,,X,X,,,,,X,,,,X,X,,X,,,,,,,X,,,,,,,,,X,,X,X,X,,X,X,X,X,,X,672
,,,Noir,"Allister Chair, Teak and Rattan","31.5"" x 29"" x 35""",,Brown,SOF202T,"$1,082.00",,,X,,,,,,,,,X,X,,,,X,,X,X,X,,,X,,X,,,,,,,X,,,X,,,,,,,,,X,,,,,,X,,474
,,,Noir,Gigi Chair,"60"" x 32.5"" x 30.5""",,Beige,SOF203,$853.00,,,X,,,,,,,,,X,X,,,,,X,,,,,,,X,,,,,X,X,,,X,,,,,,,X,,,,,,X,,,X,,X,373
,,,Noir,"Pearson Chair with Brass Bars, Distressed Grey","32.5"" x 28"" x 35""",,,SOF306DGR,"$1,310.00",,X,,X,X,X,X,X,,,X,X,X,High,,,,,,X,,,,,,X,,,X,,,,X,,X,,,X,,X,,X,,,,X,,,,,,,573
,,,Noir,"Corinth Decorative Candle Holder, Large, Set of 2, Black Marble","7.5"" x 10"" x 1.5""",,Black,YT0717-2BL,141,,X,X,X,X,X,X,X,X,X,X,X,X,High,,,,,,X,,X,,X,,,,,,,,,,X,,,X,X,,,,,,,,,,,,,,,62
,,,Noir,"Lia Decorative Crystal Candle Holder, Set/3","14"" x 4"" x 4""",,Clear,YTGLASS-15ABC,667,,X,X,X,X,X,X,X,X,X,X,X,X,High,,,X,,,X,,X,,X,X,,X,,X,,,,,X,,X,X,,X,,,X,,,,,,,,,,,292