3D Asset?,Prop ID,Link,Brand,Prop Name,Size,Color,Modsy Color,EXTERNAL_ID,Retail,Ghost Product,Living Room,Dining Room,Family Room,Office,Guest Room,Master Bedroom,Guest Bedroom,Kid's Room,Nursery,Entry,Studio,Open Living / Dining Room,Price Point,Pet-Friendly,Kid-Friendly,Mod Visionary,Rustic Warmth,Mod Enthusiast,Atomic Industrial,Mod Collector,Contemporary Connoisseur,Refined Rustic,Contemporary Minimalist,Elegant Connoisseur,Modern Rustic,Refined Modern,Mid-Century Chic,Industrial Visionary,Chic Collector,Comfortably Chic,Updated Traditional,Rustic Traveler,Contemporary Collector,Reclaimed Visionary,Discerning Collector,Less is More Chic,Inviting Industrial,Refined Connoisseur,Urban Collector,Classic Collector,Refined Industrial,Urban Traditional,Vintage Farmhouse,Modern Vintage,Industrial Chic,Farmhouse Chic,Refined Farmhouse,Timeless Traditional,Traditional Collector,Rustic Minimalist,Traditionally Chic,Cost
,,,Bhawan Textiles,"Beatty Beige/Ivory 2'-6"" X 7'-6""",,,Beige,BEATBEA-02BEIV2676,$179.00 ,,X,X,X,X,X,X,X,X,X,X,X,X,Opening,,,,X,,,,X,X,X,X,,,,,X,X,X,X,,,X,X,,X,,X,,,X,,,X,X,X,X,X,X,$59.00 
,,,Bhawan Textiles,"Beatty Beige/Ivory 3'-6"" x 5'-6""",,,Beige,BEATBEA-02BEIV3656,$199.00 ,,X,X,X,X,X,X,X,X,X,X,X,X,Opening,,,,X,,,,X,X,X,X,,,,,X,X,X,X,,,X,X,,X,,X,,,X,,,X,X,X,X,X,X,$65.00 
,,,Bhawan Textiles,"Beatty Beige/Ivory 5'-0"" x 7'-6""",,,Beige,BEATBEA-02BEIV5076,$329.00 ,,X,X,X,X,X,X,X,X,X,X,X,X,Opening,,,,X,,,,X,X,X,X,,,,,X,X,X,X,,,X,X,,X,,X,,,X,,,X,X,X,X,X,X,$109.00 
,,,Bhawan Textiles,"Beatty Beige/Ivory 7'-9"" x 9'-9""",,,Beige,BEATBEA-02BEIV7999,$679.00 ,,X,X,X,X,X,X,X,X,X,X,X,X,Mid,,,,X,,,,X,X,X,X,,,,,X,X,X,X,,,X,X,,X,,X,,,X,,,X,X,X,X,X,X,$225.00 
,,,Bhawan Textiles,"Beatty Beige/Ivory 9'-3"" X 13'",,,Beige,BEATBEA-02BEIV93D0,"$1,219.00 ",,X,X,X,X,X,X,X,X,X,X,X,X,High,,,,X,,,,X,X,X,X,,,,,X,X,X,X,,,X,X,,X,,X,,,X,,,X,X,X,X,X,X,$405.00 
,,,Bhawan Textiles,"Beatty Grey/Ivory 2'-6"" X 7'-6""",,,Grey,BEATBEA-01GYIV2676,$179.00 ,,X,X,X,X,X,X,X,X,X,X,X,X,Opening,,,,,,,,,,,,,,,,,,,,,,,,,,,,,,,,,,,,,,,$59.00 
,,,Bhawan Textiles,"Beatty Grey/Ivory 3'-6"" x 5'-6""",,,Grey,BEATBEA-01GYIV3656,$199.00 ,,X,X,X,X,X,X,X,X,X,X,X,X,Opening,,,,X,,,,X,X,X,X,,,,,X,X,X,X,,,X,X,,X,,X,,,X,,,X,X,X,X,X,X,$65.00 
,,,Bhawan Textiles,"Beatty Grey/Ivory 5'-0"" x 7'-6""",,,Grey,BEATBEA-01GYIV5076,$329.00 ,,X,X,X,X,X,X,X,X,X,X,X,X,Opening,,,,X,,,,X,X,X,X,,,,,X,X,X,X,,,X,X,,X,,X,,,X,,,X,X,X,X,X,X,$109.00 
,,,Bhawan Textiles,"Beatty Grey/Ivory 7'-9"" x 9'-9""",,,Grey,BEATBEA-01GYIV7999,$679.00 ,,X,X,X,X,X,X,X,X,X,X,X,X,Mid,,,,X,,,,X,X,X,X,,,,,X,X,X,X,,,X,X,,X,,X,,,X,,,X,X,X,X,X,X,$225.00 
,,,Bhawan Textiles,"Beatty Grey/Ivory 9'-3"" X 13'",,,Grey,BEATBEA-01GYIV93D0,"$1,219.00 ",,X,X,X,X,X,X,X,X,X,X,X,X,High,,,,X,,,,X,X,X,X,,,,,X,X,X,X,,,X,X,,X,,X,,,X,,,X,X,X,X,X,X,$405.00 
,,,Bhawan Textiles,"Beatty Grey/Multi 2'-6"" X 7'-6""",,,Grey,BEATBEA-03GYML2676,$179.00 ,,X,X,X,X,X,X,X,X,X,X,X,X,Opening,,,,X,,,,X,X,X,X,,,,,X,X,X,X,,,X,X,,X,,X,,,X,,,X,X,X,X,X,X,$59.00 
,,,Bhawan Textiles,"Beatty Grey/Multi 3'-6"" x 5'-6""",,,Grey,BEATBEA-03GYML3656,$199.00 ,,X,X,X,X,X,X,X,X,X,X,X,X,Opening,,,,X,,,,X,X,X,X,,,,,X,X,X,X,,,X,X,,X,,X,,,X,,,X,X,X,X,X,X,$65.00 
,,,Bhawan Textiles,"Beatty Grey/Multi 5'-0"" x 7'-6""",,,Grey,BEATBEA-03GYML5076,$329.00 ,,X,X,X,X,X,X,X,X,X,X,X,X,Opening,,,,X,,,,X,X,X,X,,,,,X,X,X,X,,,X,X,,X,,X,,,X,,,X,X,X,X,X,X,$109.00 
,,,Bhawan Textiles,"Beatty Grey/Multi 7'-9"" x 9'-9""",,,Grey,BEATBEA-03GYML7999,$679.00 ,,X,X,X,X,X,X,X,X,X,X,X,X,Mid,,,,X,,,,X,X,X,X,,,,,X,X,X,X,,,X,X,,X,,X,,,X,,,X,X,X,X,X,X,$225.00 
,,,Bhawan Textiles,"Beatty Grey/Multi 9'-3"" X 13'",,,Grey,BEATBEA-03GYML93D0,"$1,219.00 ",,X,X,X,X,X,X,X,X,X,X,X,X,High,,,,X,,,,X,X,X,X,,,,,X,X,X,X,,,X,X,,X,,X,,,X,,,X,X,X,X,X,X,$405.00 
,,,Bhawan Textiles,"Beatty Ivory/Rust 2'-6"" X 7'-6""",,,Beige,BEATBEA-01IVRU2676,$179.00 ,,X,X,X,X,X,X,X,X,X,X,X,X,Opening,,,,X,,,,X,X,X,X,,,,,X,X,X,X,,,X,X,,X,,X,,,X,,,X,X,X,X,X,X,$59.00 
,,,Bhawan Textiles,"Beatty Ivory/Rust 3'-6"" x 5'-6""",,,Beige,BEATBEA-01IVRU3656,$199.00 ,,X,X,X,X,X,X,X,X,X,X,X,X,Opening,,,,X,,,,X,X,X,X,,,,,X,X,X,X,,,X,X,,X,,X,,,X,,,X,X,X,X,X,X,$65.00 
,,,Bhawan Textiles,"Beatty Ivory/Rust 5'-0"" x 7'-6""",,,Beige,BEATBEA-01IVRU5076,$329.00 ,,X,X,X,X,X,X,X,X,X,X,X,X,Opening,,,,X,,,,X,X,X,X,,,,,X,X,X,X,,,X,X,,X,,X,,,X,,,X,X,X,X,X,X,$109.00 
,,,Bhawan Textiles,"Beatty Ivory/Rust 7'-9"" x 9'-9""",,,Beige,BEATBEA-01IVRU7999,$679.00 ,,X,X,X,X,X,X,X,X,X,X,X,X,Mid,,,,X,,,,X,X,X,X,,,,,X,X,X,X,,,X,X,,X,,X,,,X,,,X,X,X,X,X,X,$225.00 
,,,Bhawan Textiles,"Beatty Ivory/Rust 9'-3"" X 13'",,,Beige,BEATBEA-01IVRU93D0,"$1,219.00 ",,X,X,X,X,X,X,X,X,X,X,X,X,High,,,,X,,,,X,X,X,X,,,,,X,X,X,X,,,X,X,,X,,X,,,X,,,X,X,X,X,X,X,$405.00 
,,,Bhawan Textiles,"Beatty LightBlue/Multi 2'-6"" X 7'-6""",,,Blue,BEATBEA-04LBML2676,$179.00 ,,X,X,X,X,X,X,X,X,X,X,X,X,Opening,,,,X,,,,X,X,X,X,,,,,X,X,X,X,,,X,X,,X,,X,,,X,,,X,X,X,X,X,X,$59.00 
,,,Bhawan Textiles,"Beatty LightBlue/Multi 3'-6"" x 5'-6""",,,Blue,BEATBEA-04LBML3656,$199.00 ,,X,X,X,X,X,X,X,X,X,X,X,X,Opening,,,,X,,,,X,X,X,X,,,,,X,X,X,X,,,X,X,,X,,X,,,X,,,X,X,X,X,X,X,$65.00 
,,,Bhawan Textiles,"Beatty LightBlue/Multi 5'-0"" x 7'-6""",,,Blue,BEATBEA-04LBML5076,$329.00 ,,X,X,X,X,X,X,X,X,X,X,X,X,Opening,,,,X,,,,X,X,X,X,,,,,X,X,X,X,,,X,X,,X,,X,,,X,,,X,X,X,X,X,X,$109.00 
,,,Bhawan Textiles,"Beatty LightBlue/Multi 7'-9"" x 9'-9""",,,Blue,BEATBEA-04LBML7999,$679.00 ,,X,X,X,X,X,X,X,X,X,X,X,X,Mid,,,,X,,,,X,X,X,X,,,,,X,X,X,X,,,X,X,,X,,X,,,X,,,X,X,X,X,X,X,$225.00 
,,,Bhawan Textiles,"Beatty LightBlue/Multi 9'-3"" X 13'",,,Blue,BEATBEA-04LBML93D0,"$1,219.00 ",,X,X,X,X,X,X,X,X,X,X,X,X,High,,,,X,,,,X,X,X,X,,,,,X,X,X,X,,,X,X,,X,,X,,,X,,,X,X,X,X,X,X,$405.00 
,,,Bhawan Textiles,"Beatty Lt.Blue/Blue 2'-6"" X 7'-6""",,,Blue,BEATBEA-01LBBB2676,$179.00 ,,X,X,X,X,X,X,X,X,X,X,X,X,Opening,,,,X,,,,X,X,X,X,,,,,X,X,X,X,,,X,X,,X,,X,,,X,,,X,X,X,X,X,X,$59.00 
,,,Bhawan Textiles,"Beatty Lt.Blue/Blue 3'-6"" x 5'-6""",,,Blue,BEATBEA-01LBBB3656,$199.00 ,,X,X,X,X,X,X,X,X,X,X,X,X,Opening,,,,X,,,,X,X,X,X,,,,,X,X,X,X,,,X,X,,X,,X,,,X,,,X,X,X,X,X,X,$65.00 
,,,Bhawan Textiles,"Beatty Lt.Blue/Blue 5'-0"" x 7'-6""",,,Blue,BEATBEA-01LBBB5076,$329.00 ,,X,X,X,X,X,X,X,X,X,X,X,X,Opening,,,,X,,,,X,X,X,X,,,,,X,X,X,X,,,X,X,,X,,X,,,X,,,X,X,X,X,X,X,$109.00 
,,,Bhawan Textiles,"Beatty Lt.Blue/Blue 7'-9"" x 9'-9""",,,Blue,BEATBEA-01LBBB7999,$679.00 ,,X,X,X,X,X,X,X,X,X,X,X,X,Mid,,,,X,,,,X,X,X,X,,,,,X,X,X,X,,,X,X,,X,,X,,,X,,,X,X,X,X,X,X,$225.00 
,,,Bhawan Textiles,"Beatty Lt.Blue/Blue 9'-3"" X 13'",,,Blue,BEATBEA-01LBBB93D0,"$1,219.00 ",,X,X,X,X,X,X,X,X,X,X,X,X,High,,,,X,,,,X,X,X,X,,,,,X,X,X,X,,,X,X,,X,,X,,,X,,,X,X,X,X,X,X,$405.00 
,,,Bhawan Textiles,"Beatty Sky/Multi 2'-6"" X 7'-6""",,,Grey,BEATBEA-02SCML2676,$179.00 ,,X,X,X,X,X,X,X,X,X,X,X,X,Opening,,,,X,,,,X,X,X,X,,,,,X,X,X,X,,,X,X,,X,,X,,,X,,,X,X,X,X,X,X,$59.00 
,,,Bhawan Textiles,"Beatty Sky/Multi 3'-6"" x 5'-6""",,,Grey,BEATBEA-02SCML3656,$199.00 ,,X,X,X,X,X,X,X,X,X,X,X,X,Opening,,,,X,,,,X,X,X,X,,,,,X,X,X,X,,,X,X,,X,,X,,,X,,,X,X,X,X,X,X,$65.00 
,,,Bhawan Textiles,"Beatty Sky/Multi 5'-0"" x 7'-6""",,,Grey,BEATBEA-02SCML5076,$329.00 ,,X,X,X,X,X,X,X,X,X,X,X,X,Opening,,,,X,,,,X,X,X,X,,,,,X,X,X,X,,,X,X,,X,,X,,,X,,,X,X,X,X,X,X,$109.00 
,,,Bhawan Textiles,"Beatty Sky/Multi 7'-9"" x 9'-9""",,,Grey,BEATBEA-02SCML7999,$679.00 ,,X,X,X,X,X,X,X,X,X,X,X,X,Mid,,,,X,,,,X,X,X,X,,,,,X,X,X,X,,,X,X,,X,,X,,,X,,,X,X,X,X,X,X,$225.00 
,,,Bhawan Textiles,"Beatty Sky/Multi 9'-3"" X 13'",,,Grey,BEATBEA-02SCML93D0,"$1,219.00 ",,X,X,X,X,X,X,X,X,X,X,X,X,High,,,,X,,,,X,X,X,X,,,,,X,X,X,X,,,X,X,,X,,X,,,X,,,X,X,X,X,X,X,$405.00 
,,,Bhawan Textiles,"Elka Denim/Multi 2'-6"" X 7'-6""",,,Blue,ELKAELK-03DEML2676,$209.00 ,,X,X,X,X,X,X,X,X,X,X,X,X,Opening,,,X,,,,X,,X,,,X,X,,,X,X,,X,X,X,X,X,,,X,,,,,X,,X,,,X,X,X,$69.00 
,,,Bhawan Textiles,"Elka Denim/Multi 3'-6"" x 5'-6""",,,Blue,ELKAELK-03DEML3656,$229.00 ,,X,X,X,X,X,X,X,X,X,X,X,X,Opening,,,X,,,,X,,X,,,X,X,,,X,X,,X,X,X,X,X,,,X,,,,,X,,X,,,X,X,X,$75.00 
,,,Bhawan Textiles,"Elka Denim/Multi 5'-0"" x 7'-6""",,,Blue,ELKAELK-03DEML5076,$389.00 ,,X,X,X,X,X,X,X,X,X,X,X,X,Opening,,,X,,,,X,,X,,,X,X,,,X,X,,X,X,X,X,X,,,X,,,,,X,,X,,,X,X,X,$129.00 
,,,Bhawan Textiles,"Elka Denim/Multi 7'-9"" x 9'-9""",,,Blue,ELKAELK-03DEML7999,$779.00 ,,X,X,X,X,X,X,X,X,X,X,X,X,High,,,X,,,,X,,X,,,X,X,,,X,X,,X,X,X,X,X,,,X,,,,,X,,X,,,X,X,X,$259.00 
,,,Bhawan Textiles,"Elka Denim/Multi 9'-3"" X 13'",,,Blue,ELKAELK-03DEML93D0,"$1,419.00 ",,X,X,X,X,X,X,X,X,X,X,X,X,High,,,X,,,,X,,X,,,X,X,,,X,X,,X,X,X,X,X,,,X,,,,,X,,X,,,X,X,X,$470.00 
,,,Bhawan Textiles,"Elka Ivory/Multi 2'-6"" X 7'-6""",,,Beige,ELKAELK-02IVML2676,$209.00 ,,X,X,X,X,X,X,X,X,X,X,X,X,Opening,,,X,,,,X,,X,,,X,X,,,X,X,,X,X,X,X,X,,,X,,,,,X,,X,,,X,X,X,$69.00 
,,,Bhawan Textiles,"Elka Ivory/Multi 3'-6"" x 5'-6""",,,Beige,ELKAELK-02IVML3656,$229.00 ,,X,X,X,X,X,X,X,X,X,X,X,X,Opening,,,X,,,,X,,X,,,X,X,,,X,X,,X,X,X,X,X,,,X,,,,,X,,X,,,X,X,X,$75.00 
,,,Bhawan Textiles,"Elka Ivory/Multi 5'-0"" x 7'-6""",,,Beige,ELKAELK-02IVML5076,$389.00 ,,X,X,X,X,X,X,X,X,X,X,X,X,Opening,,,X,,,,X,,X,,,X,X,,,X,X,,X,X,X,X,X,,,X,,,,,X,,X,,,X,X,X,$129.00 
,,,Bhawan Textiles,"Elka Ivory/Multi 7'-9"" x 9'-9""",,,Beige,ELKAELK-02IVML7999,$779.00 ,,X,X,X,X,X,X,X,X,X,X,X,X,High,,,X,,,,X,,X,,,X,X,,,X,X,,X,X,X,X,X,,,X,,,,,X,,X,,,X,X,X,$259.00 
,,,Bhawan Textiles,"Elka Ivory/Multi 9'-3"" X 13'",,,Beige,ELKAELK-02IVML93D0,"$1,419.00 ",,X,X,X,X,X,X,X,X,X,X,X,X,High,,,X,,,,X,,X,,,X,X,,,X,X,,X,X,X,X,X,,,X,,,,,X,,X,,,X,X,X,$470.00 
,,,Bhawan Textiles,"Elka Pink/Multi 2'-6"" X 7'-6""",,,Pink,ELKAELK-04PIML2676,$209.00 ,,X,X,X,X,X,X,X,X,X,X,X,X,Opening,,,X,,,,X,,X,,,X,X,,,X,X,,X,X,X,X,X,,,X,,,,,X,,X,,,X,X,X,$69.00 
,,,Bhawan Textiles,"Elka Pink/Multi 3'-6"" x 5'-6""",,,Pink,ELKAELK-04PIML3656,$229.00 ,,X,X,X,X,X,X,X,X,X,X,X,X,Opening,,,X,,,,X,,X,,,X,X,,,X,X,,X,X,X,X,X,,,X,,,,,X,,X,,,X,X,X,$75.00 
,,,Bhawan Textiles,"Elka Pink/Multi 5'-0"" x 7'-6""",,,Pink,ELKAELK-04PIML5076,$389.00 ,,X,X,X,X,X,X,X,X,X,X,X,X,Opening,,,X,,,,X,,X,,,X,X,,,X,X,,X,X,X,X,X,,,X,,,,,X,,X,,,X,X,X,$129.00 
,,,Bhawan Textiles,"Elka Pink/Multi 7'-9"" x 9'-9""",,,Pink,ELKAELK-04PIML7999,$779.00 ,,X,X,X,X,X,X,X,X,X,X,X,X,High,,,X,,,,X,,X,,,X,X,,,X,X,,X,X,X,X,X,,,X,,,,,X,,X,,,X,X,X,$259.00 
,,,Bhawan Textiles,"Elka Pink/Multi 9'-3"" X 13'",,,Pink,ELKAELK-04PIML93D0,"$1,419.00 ",,X,X,X,X,X,X,X,X,X,X,X,X,High,,,X,,,,X,,X,,,X,X,,,X,X,,X,X,X,X,X,,,X,,,,,X,,X,,,X,X,X,$470.00 
,,,Bhawan Textiles,"Elka Sky/Multi 2'-6"" X 7'-6""",,,Blue,ELKAELK-01SCML2676,$209.00 ,,X,X,X,X,X,X,X,X,X,X,X,X,Opening,,,X,,,,X,,X,,,X,X,,,X,X,,X,X,X,X,X,,,X,,,,,X,,X,,,X,X,X,$69.00 
,,,Bhawan Textiles,"Elka Sky/Multi 3'-6"" x 5'-6""",,,Blue,ELKAELK-01SCML3656,$229.00 ,,X,X,X,X,X,X,X,X,X,X,X,X,Opening,,,X,,,,X,,X,,,X,X,,,X,X,,X,X,X,X,X,,,X,,,,,X,,X,,,X,X,X,$75.00 
,,,Bhawan Textiles,"Elka Sky/Multi 5'-0"" x 7'-6""",,,Blue,ELKAELK-01SCML5076,$389.00 ,,X,X,X,X,X,X,X,X,X,X,X,X,Opening,,,X,,,,X,,X,,,X,X,,,X,X,,X,X,X,X,X,,,X,,,,,X,,X,,,X,X,X,$129.00 
,,,Bhawan Textiles,"Elka Sky/Multi 7'-9"" x 9'-9""",,,Blue,ELKAELK-01SCML7999,$779.00 ,,X,X,X,X,X,X,X,X,X,X,X,X,High,,,X,,,,X,,X,,,X,X,,,X,X,,X,X,X,X,X,,,X,,,,,X,,X,,,X,X,X,$259.00 
,,,Bhawan Textiles,"Elka Sky/Multi 9'-3"" X 13'",,,Blue,ELKAELK-01SCML93D0,"$1,419.00 ",,X,X,X,X,X,X,X,X,X,X,X,X,High,,,X,,,,X,,X,,,X,X,,,X,X,,X,X,X,X,X,,,X,,,,,X,,X,,,X,X,X,$470.00 
,,,Bhawan Textiles,"Layla Blue 2'-6"" x 12'-0""",,,Blue,LAYLLAY-01BKBB26C0,$199.00 ,,X,X,X,X,X,X,X,X,X,X,X,X,Opening,,,,X,,,,X,X,,X,X,X,,,,,X,X,X,,,,,,,X,,X,X,X,,,,X,X,,,$65.00 
,,,Bhawan Textiles,"Layla Blue 2'-6"" X 7'-6""",,,Blue,LAYLLAY-01BKBB2676,$129.00 ,,X,X,X,X,X,X,X,X,X,X,X,X,Opening,,,,X,,,,X,X,,X,X,X,,,,,X,X,X,,,,,,,X,,X,X,X,,,,X,X,,,$40.00 
,,,Bhawan Textiles,"Layla Blue 2'-6"" X 9'-6""",,,Blue,LAYLLAY-01BKBB2696,$169.00 ,,X,X,X,X,X,X,X,X,X,X,X,X,Opening,,,,X,,,,X,X,,X,X,X,,,,,X,X,X,,,,,,,X,,X,X,X,,,,X,X,,,$55.00 
,,,Bhawan Textiles,"Layla Blue 3'-6"" x 5'-6""",,,Blue,LAYLLAY-01BKBB3656,$129.00 ,,X,X,X,X,X,X,X,X,X,X,X,X,Opening,,,,X,,,,X,X,,X,X,X,,,,,X,X,X,,,,,,,X,,X,X,X,,,,X,X,,,$40.00 
,,,Bhawan Textiles,"Layla Blue 5'-0"" x 7'-6""",,,Blue,LAYLLAY-01BKBB5076,$229.00 ,,X,X,X,X,X,X,X,X,X,X,X,X,Opening,,,,X,,,,X,X,,X,X,X,,,,,X,X,X,,,,,,,X,,X,X,X,,,,X,X,,,$75.00 
,,,Bhawan Textiles,"Layla Blue 7'-6"" x 9'-6""",,,Blue,LAYLLAY-01BKBB7696,$439.00 ,,X,X,X,X,X,X,X,X,X,X,X,X,Opening,,,,X,,,,X,X,,X,X,X,,,,,X,X,X,,,,,,,X,,X,X,X,,,,X,X,,,$145.00 
,,,Bhawan Textiles,"Layla Blue 9'-0"" x 12'-0""",,,Blue,LAYLLAY-01BKBB90C0,$749.00 ,,X,X,X,X,X,X,X,X,X,X,X,X,Opening,,,,X,,,,X,X,,X,X,X,,,,,X,X,X,,,,,,,X,,X,X,X,,,,X,X,,,$249.00 
,,,Bhawan Textiles,"Layla Cobalt Blue 2'-6"" x 12'-0""",,,Blue,LAYLLAY-09CUSQ26C0,$199.00 ,,X,X,X,X,X,X,X,X,X,X,X,X,Opening,,,X,X,X,,X,X,X,,X,X,,,,X,X,X,X,X,X,X,X,,X,,X,,X,X,,X,X,X,X,X,X,X,$65.00 
,,,Bhawan Textiles,"Layla Cobalt Blue 2'-6"" X 7'-6""",,,Blue,LAYLLAY-09CUSQ2676,$129.00 ,,X,X,X,X,X,X,X,X,X,X,X,X,Opening,,,X,X,X,,X,X,X,,X,X,,,,X,X,X,X,X,X,X,X,,X,,X,,X,X,,X,X,X,X,X,X,X,$40.00 
,,,Bhawan Textiles,"Layla Cobalt Blue 2'-6"" X 9'-6""",,,Blue,LAYLLAY-09CUSQ2696,$169.00 ,,X,X,X,X,X,X,X,X,X,X,X,X,Opening,,,X,X,X,,X,X,X,,X,X,,,,X,X,X,X,X,X,X,X,,X,,X,,X,X,,X,X,X,X,X,X,X,$55.00 
,,,Bhawan Textiles,"Layla Cobalt Blue 3'-6"" x 5'-6""",,,Blue,LAYLLAY-09CUSQ3656,$129.00 ,,X,X,X,X,X,X,X,X,X,X,X,X,Opening,,,X,X,X,,X,X,X,,X,X,,,,X,X,X,X,X,X,X,X,,X,,X,,X,X,,X,X,X,X,X,X,X,$40.00 
,,,Bhawan Textiles,"Layla Cobalt Blue 5'-0"" x 7'-6""",,,Blue,LAYLLAY-09CUSQ5076,$229.00 ,,X,X,X,X,X,X,X,X,X,X,X,X,Opening,,,X,X,X,,X,X,X,,X,X,,,,X,X,X,X,X,X,X,X,,X,,X,,X,X,,X,X,X,X,X,X,X,$75.00 
,,,Bhawan Textiles,"Layla Cobalt Blue 7'-6"" x 9'-6""",,,Blue,LAYLLAY-09CUSQ7696,$439.00 ,,X,X,X,X,X,X,X,X,X,X,X,X,Opening,,,X,X,X,,X,X,X,,X,X,,,,X,X,X,X,X,X,X,X,,X,,X,,X,X,,X,X,X,X,X,X,X,$145.00 
,,,Bhawan Textiles,"Layla Cobalt Blue 9'-0"" x 12'-0""",,,Blue,LAYLLAY-09CUSQ90C0,$749.00 ,,X,X,X,X,X,X,X,X,X,X,X,X,Opening,,,X,X,X,,X,X,X,,X,X,,,,X,X,X,X,X,X,X,X,,X,,X,,X,X,,X,X,X,X,X,X,X,$249.00 
,,,Bhawan Textiles,"Layla Ocean 2'-6"" x 12'-0""",,,Blue,LAYLLAY-05OCML26C0,$199.00 ,,X,X,X,X,X,X,X,X,X,X,X,X,Opening,,,,X,,,X,,,,,,,,,,,,,,,,,,,,X,,,X,X,,,,X,X,,,$65.00 
,,,Bhawan Textiles,"Layla Ocean 2'-6"" X 7'-6""",,,Blue,LAYLLAY-05OCML2676,$129.00 ,,X,X,X,X,X,X,X,X,X,X,X,X,Opening,,,,X,,,X,,,,,,,,,,,,,,,,,,,,X,,,X,X,,,,X,X,,,$40.00 
,,,Bhawan Textiles,"Layla Ocean 2'-6"" X 9'-6""",,,Blue,LAYLLAY-05OCML2696,$169.00 ,,X,X,X,X,X,X,X,X,X,X,X,X,Opening,,,,X,,,X,,,,,,,,,,,,,,,,,,,,X,,,X,X,,,,X,X,,,$55.00 
,,,Bhawan Textiles,"Layla Ocean 3'-6"" x 5'-6""",,,Blue,LAYLLAY-05OCML3656,$129.00 ,,X,X,X,X,X,X,X,X,X,X,X,X,Opening,,,,X,,,X,,,,,,,,,,,,,,,,,,,,X,,,X,X,,,,X,X,,,$40.00 
,,,Bhawan Textiles,"Layla Ocean 5'-0"" x 7'-6""",,,Blue,LAYLLAY-05OCML5076,$229.00 ,,X,X,X,X,X,X,X,X,X,X,X,X,Opening,,,,X,,,X,,,,,,,,,,,,,,,,,,,,X,,,X,X,,,,X,X,,,$75.00 
,,,Bhawan Textiles,"Layla Ocean 7'-6"" x 9'-6""",,,Blue,LAYLLAY-05OCML7696,$439.00 ,,X,X,X,X,X,X,X,X,X,X,X,X,Opening,,,,X,,,X,,,,,,,,,,,,,,,,,,,,X,,,X,X,,,,X,X,,,$145.00 
,,,Bhawan Textiles,"Layla Ocean 9'-0"" x 12'-0""",,,Blue,LAYLLAY-05OCML90C0,$749.00 ,,X,X,X,X,X,X,X,X,X,X,X,X,Opening,,,,X,,,X,,,,,,,,,,,,,,,,,,,,X,,,X,X,,,,X,X,,,$249.00 
,,,Bhawan Textiles,"Layla Olive 2'-6"" x 12'-0""",,,Green,LAYLLAY-03OLCC26C0,$199.00 ,,X,X,X,X,X,X,X,X,X,X,X,X,Opening,,,,X,,,X,,,,,,,,,,,,,,,,,,,,X,,,X,X,,,,X,X,,,$65.00 
,,,Bhawan Textiles,"Layla Olive 2'-6"" X 7'-6""",,,Green,LAYLLAY-03OLCC2676,$129.00 ,,X,X,X,X,X,X,X,X,X,X,X,X,Opening,,,,X,,,X,,,,,,,,,,,,,,,,,,,,X,,,X,X,,,,X,X,,,$40.00 
,,,Bhawan Textiles,"Layla Olive 2'-6"" X 9'-6""",,,Green,LAYLLAY-03OLCC2696,$169.00 ,,X,X,X,X,X,X,X,X,X,X,X,X,Opening,,,,X,,,X,,,,,,,,,,,,,,,,,,,,X,,,X,X,,,,X,X,,,$55.00 
,,,Bhawan Textiles,"Layla Olive 3'-6"" x 5'-6""",,,Green,LAYLLAY-03OLCC3656,$129.00 ,,X,X,X,X,X,X,X,X,X,X,X,X,Opening,,,,X,,,X,,,,,,,,,,,,,,,,,,,,X,,,X,X,,,,X,X,,,$40.00 
,,,Bhawan Textiles,"Layla Olive 5'-0"" x 7'-6""",,,Green,LAYLLAY-03OLCC5076,$229.00 ,,X,X,X,X,X,X,X,X,X,X,X,X,Opening,,,,X,,,X,,,,,,,,,,,,,,,,,,,,X,,,X,X,,,,X,X,,,$75.00 
,,,Bhawan Textiles,"Layla Olive 7'-6"" x 9'-6""",,,Green,LAYLLAY-03OLCC7696,$439.00 ,,X,X,X,X,X,X,X,X,X,X,X,X,Opening,,,,X,,,X,,,,,,,,,,,,,,,,,,,,X,,,X,X,,,,X,X,,,$145.00 
,,,Bhawan Textiles,"Layla Olive 9'-0"" x 12'-0""",,,Green,LAYLLAY-03OLCC90C0,$749.00 ,,X,X,X,X,X,X,X,X,X,X,X,X,Opening,,,,X,,,X,,,,,,,,,,,,,,,,,,,,X,,,X,X,,,,X,X,,,$249.00 
,,,Bhawan Textiles,"Layla Red 2'-6"" x 12'-0""",,,Red,LAYLLAY-08RENV26C0,$199.00 ,,X,X,X,X,X,X,X,X,X,X,X,X,Opening,,,,X,X,,,X,X,,X,X,,,,X,X,X,X,X,X,X,X,,X,,X,,X,X,,X,X,X,X,X,X,X,$65.00 
,,,Bhawan Textiles,"Layla Red 2'-6"" X 7'-6""",,,Red,LAYLLAY-08RENV2676,$129.00 ,,X,X,X,X,X,X,X,X,X,X,X,X,Opening,,,,X,X,,,X,X,,X,X,,,,X,X,X,X,X,X,X,X,,X,,X,,X,X,,X,X,X,X,X,X,X,$40.00 
,,,Bhawan Textiles,"Layla Red 2'-6"" X 9'-6""",,,Red,LAYLLAY-08RENV2696,$169.00 ,,X,X,X,X,X,X,X,X,X,X,X,X,Opening,,,,X,X,,,X,X,,X,X,,,,X,X,X,X,X,X,X,X,,X,,X,,X,X,,X,X,X,X,X,X,X,$55.00 
,,,Bhawan Textiles,"Layla Red 3'-6"" x 5'-6""",,,Red,LAYLLAY-08RENV3656,$129.00 ,,X,X,X,X,X,X,X,X,X,X,X,X,Opening,,,,X,X,,,X,X,,X,X,,,,X,X,X,X,X,X,X,X,,X,,X,,X,X,,X,X,X,X,X,X,X,$40.00 
,,,Bhawan Textiles,"Layla Red 5'-0"" x 7'-6""",,,Red,LAYLLAY-08RENV5076,$229.00 ,,X,X,X,X,X,X,X,X,X,X,X,X,Opening,,,,X,X,,,X,X,,X,X,,,,X,X,X,X,X,X,X,X,,X,,X,,X,X,,X,X,X,X,X,X,X,$75.00 
,,,Bhawan Textiles,"Layla Red 7'-6"" x 9'-6""",,,Red,LAYLLAY-08RENV7696,$439.00 ,,X,X,X,X,X,X,X,X,X,X,X,X,Opening,,,,X,X,,,X,X,,X,X,,,,X,X,X,X,X,X,X,X,,X,,X,,X,X,,X,X,X,X,X,X,X,$145.00 
,,,Bhawan Textiles,"Layla Red 9'-0"" x 12'-0""",,,Red,LAYLLAY-08RENV90C0,$749.00 ,,X,X,X,X,X,X,X,X,X,X,X,X,Opening,,,,X,X,,,X,X,,X,X,,,,X,X,X,X,X,X,X,X,,X,,X,,X,X,,X,X,X,X,X,X,X,$249.00 
,,,Bhawan Textiles,"Layla Rust 2'-6"" x 12'-0""",,,Brown,LAYLLAY-04OCRU26C0,$199.00 ,,X,X,X,X,X,X,X,X,X,X,X,X,Opening,,,,X,,,X,,,,,,,,,,,,,,,,,,,,X,,,X,X,,,,X,X,,,$65.00 
,,,Bhawan Textiles,"Layla Rust 2'-6"" X 7'-6""",,,Brown,LAYLLAY-04OCRU2676,$129.00 ,,X,X,X,X,X,X,X,X,X,X,X,X,Opening,,,,X,,,X,,,,,,,,,,,,,,,,,,,,X,,,X,X,,,,X,X,,,$40.00 
,,,Bhawan Textiles,"Layla Rust 2'-6"" X 9'-6""",,,Brown,LAYLLAY-04OCRU2696,$169.00 ,,X,X,X,X,X,X,X,X,X,X,X,X,Opening,,,,X,,,X,,,,,,,,,,,,,,,,,,,,X,,,X,X,,,,X,X,,,$55.00 
,,,Bhawan Textiles,"Layla Rust 3'-6"" x 5'-6""",,,Brown,LAYLLAY-04OCRU3656,$129.00 ,,X,X,X,X,X,X,X,X,X,X,X,X,Opening,,,,X,,,X,,,,,,,,,,,,,,,,,,,,X,,,X,X,,,,X,X,,,$40.00 
,,,Bhawan Textiles,"Layla Rust 5'-0"" x 7'-6""",,,Brown,LAYLLAY-04OCRU5076,$229.00 ,,X,X,X,X,X,X,X,X,X,X,X,X,Opening,,,,X,,,X,,,,,,,,,,,,,,,,,,,,X,,,X,X,,,,X,X,,,$75.00 
,,,Bhawan Textiles,"Layla Rust 7'-6"" x 9'-6""",,,Brown,LAYLLAY-04OCRU7696,$439.00 ,,X,X,X,X,X,X,X,X,X,X,X,X,Opening,,,,X,,,X,,,,,,,,,,,,,,,,,,,,X,,,X,X,,,,X,X,,,$145.00 
,,,Bhawan Textiles,"Layla Rust 9'-0"" x 12'-0""",,,Brown,LAYLLAY-04OCRU90C0,$749.00 ,,X,X,X,X,X,X,X,X,X,X,X,X,Opening,,,,X,,,X,,,,,,,,,,,,,,,,,,,,X,,,X,X,,,,X,X,,,$249.00 
,,,Bhawan Textiles,"Layla Spice 2'-6"" x 12'-0""",,,Orange,LAYLLAY-02SQNN26C0,$199.00 ,,X,X,X,X,X,X,X,X,X,X,X,X,Opening,,,,X,,,X,,,,X,,,,,,,,,,,,,,,,,,,X,X,,,,X,X,,,$65.00 
,,,Bhawan Textiles,"Layla Spice 2'-6"" X 7'-6""",,,Orange,LAYLLAY-02SQNN2676,$129.00 ,,X,X,X,X,X,X,X,X,X,X,X,X,Opening,,,,X,,,X,,,,X,,,,,,,,,,,,,,,,,,,X,X,,,,X,X,,,$40.00 
,,,Bhawan Textiles,"Layla Spice 2'-6"" X 9'-6""",,,Orange,LAYLLAY-02SQNN2696,$169.00 ,,X,X,X,X,X,X,X,X,X,X,X,X,Opening,,,,X,,,X,,,,X,,,,,,,,,,,,,,,,,,,X,X,,,,X,X,,,$55.00 
,,,Bhawan Textiles,"Layla Spice 3'-6"" x 5'-6""",,,Orange,LAYLLAY-02SQNN3656,$129.00 ,,X,X,X,X,X,X,X,X,X,X,X,X,Opening,,,,X,,,X,,,,X,,,,,,,,,,,,,,,,,,,X,X,,,,X,X,,,$40.00 
,,,Bhawan Textiles,"Layla Spice 5'-0"" x 7'-6""",,,Orange,LAYLLAY-02SQNN5076,$229.00 ,,X,X,X,X,X,X,X,X,X,X,X,X,Opening,,,,X,,,X,,,,X,,,,,,,,,,,,,,,,,,,X,X,,,,X,X,,,$75.00 
,,,Bhawan Textiles,"Layla Spice 7'-6"" x 9'-6""",,,Orange,LAYLLAY-02SQNN7696,$439.00 ,,X,X,X,X,X,X,X,X,X,X,X,X,Opening,,,,X,,,X,,,,X,,,,,,,,,,,,,,,,,,,X,X,,,,X,X,,,$145.00 
,,,Bhawan Textiles,"Layla Spice 9'-0"" x 12'-0""",,,Orange,LAYLLAY-02SQNN90C0,$749.00 ,,X,X,X,X,X,X,X,X,X,X,X,X,Opening,,,,X,,,X,,,,X,,,,,,,,,,,,,,,,X,,,X,X,,,,X,X,,,$249.00 
,,,Bhawan Textiles,"Layla Stone 2'-6"" x 12'-0""",,,Grey,LAYLLAY-06TASN26C0,$199.00 ,,X,X,X,X,X,X,X,X,X,X,X,X,Opening,,,,X,,,X,,,,,,,,,,,,,,,,,,,,X,,,X,,,,,X,X,,,$65.00 
,,,Bhawan Textiles,"Layla Stone 2'-6"" X 7'-6""",,,Grey,LAYLLAY-06TASN2676,$129.00 ,,X,X,X,X,X,X,X,X,X,X,X,X,Opening,,,,X,,,X,,,,,,,,,,,,,,,,,,,,X,,,X,,,,,X,X,,,$40.00 
,,,Bhawan Textiles,"Layla Stone 2'-6"" X 9'-6""",,,Grey,LAYLLAY-06TASN2696,$169.00 ,,X,X,X,X,X,X,X,X,X,X,X,X,Opening,,,,X,,,X,,,,,,,,,,,,,,,,,,,,X,,,X,,,,,X,X,,,$55.00 
,,,Bhawan Textiles,"Layla Stone 3'-6"" x 5'-6""",,,Grey,LAYLLAY-06TASN3656,$129.00 ,,X,X,X,X,X,X,X,X,X,X,X,X,Opening,,,,X,,,X,,,,,,,,,,,,,,,,,,,,X,,,X,,,,,X,X,,,$40.00 
,,,Bhawan Textiles,"Layla Stone 5'-0"" x 7'-6""",,,Grey,LAYLLAY-06TASN5076,$229.00 ,,X,X,X,X,X,X,X,X,X,X,X,X,Opening,,,,X,,,X,,,,,,,,,,,,,,,,,,,,X,,,X,,,,,X,X,,,$75.00 
,,,Bhawan Textiles,"Layla Stone 7'-6"" x 9'-6""",,,Grey,LAYLLAY-06TASN7696,$439.00 ,,X,X,X,X,X,X,X,X,X,X,X,X,Opening,,,,X,,,X,,,,,,,,,,,,,,,,,,,,X,,,X,,,,,X,X,,,$145.00 
,,,Bhawan Textiles,"Layla Stone 9'-0"" x 12'-0""",,,Grey,LAYLLAY-06TASN90C0,$749.00 ,,X,X,X,X,X,X,X,X,X,X,X,X,Opening,,,,X,,,X,,,,,,,,,,,,,,,,,,,,X,,,X,,,,,X,X,,,$249.00 
,,,Bhawan Textiles,"Layla Tangerine 2'-6"" x 12'-0""",,,Orange,LAYLLAY-07BBTG26C0,$199.00 ,,X,X,X,X,X,X,X,X,X,X,X,X,Opening,,,,X,,,X,,,,,,,,,,,,,,,,,,,,,,,,,,,X,X,X,,,$65.00 
,,,Bhawan Textiles,"Layla Tangerine 2'-6"" X 7'-6""",,,Orange,LAYLLAY-07BBTG2676,$129.00 ,,X,X,X,X,X,X,X,X,X,X,X,X,Opening,,,,X,,,X,,,,,,,,,,,,,,,,,,,,,,,,,,,X,X,X,,,$40.00 
,,,Bhawan Textiles,"Layla Tangerine 2'-6"" X 9'-6""",,,Orange,LAYLLAY-07BBTG2696,$169.00 ,,X,X,X,X,X,X,X,X,X,X,X,X,Opening,,,,X,,,X,,,,,,,,,,,,,,,,,,,,,,,,,,,X,X,X,,,$55.00 
,,,Bhawan Textiles,"Layla Tangerine 3'-6"" x 5'-6""",,,Orange,LAYLLAY-07BBTG3656,$129.00 ,,X,X,X,X,X,X,X,X,X,X,X,X,Opening,,,,X,,,X,,,,,,,,,,,,,,,,,,,,,,,,,,,X,X,X,,,$40.00 
,,,Bhawan Textiles,"Layla Tangerine 5'-0"" x 7'-6""",,,Orange,LAYLLAY-07BBTG5076,$229.00 ,,X,X,X,X,X,X,X,X,X,X,X,X,Opening,,,,X,,,X,,,,,,,,,,,,,,,,,,,,,,,,,,,X,X,X,,,$75.00 
,,,Bhawan Textiles,"Layla Tangerine 7'-6"" x 9'-6""",,,Orange,LAYLLAY-07BBTG7696,$439.00 ,,X,X,X,X,X,X,X,X,X,X,X,X,Opening,,,,X,,,X,,,,,,,,,,,,,,,,,,,,,,,,,,,X,X,X,,,$145.00 
,,,Bhawan Textiles,"Layla Tangerine 9'-0"" x 12'-0""",,,Orange,LAYLLAY-07BBTG90C0,$749.00 ,,X,X,X,X,X,X,X,X,X,X,X,X,Opening,,,,X,,,X,,,,,,,,,,,,,,,,,,,,,,,,,,,X,X,X,,,$249.00 
,,,Bhawan Textiles,"Nadia Aqua/Navy 10'-0"" x 14'-0""",,,Blue,NADINN-03AQNVA0E0,"$1,109.00",,X,X,X,X,X,X,X,X,X,X,X,X,High,,,,X,,,,,X,,,X,X,X,,,,X,,,,,,,,,X,,X,,X,,,,X,,,,$369.00
,,,Bhawan Textiles,"Nadia Aqua/Navy 10'-0"" x 14'-0""",,,Blue,NADINN-07AQNVA0E0,"$1,109.00",,X,X,X,X,X,X,X,X,X,X,X,X,High,,,,X,,,,,X,,,X,X,X,,,,X,,,,,,,,,X,,X,,X,,,,X,,,,$369.00
,,,Bhawan Textiles,"Nadia Aqua/Navy 2'-2"" X 10'",,,Blue,NADINN-03AQNV22A0,$169.00,,X,X,X,X,X,X,X,X,X,X,X,X,Opening,,,,X,,,,,X,,,X,X,X,,,,X,,,,,,,,,X,,X,,X,,,,X,,,,$55.00
,,,Bhawan Textiles,"Nadia Aqua/Navy 2'-2"" X 10'",,,Blue,NADINN-07AQNV22A0,$169.00,,X,X,X,X,X,X,X,X,X,X,X,X,Opening,,,,X,,,,,X,,,X,X,X,,,,X,,,,,,,,,X,,X,,X,,,,X,,,,$55.00
,,,Bhawan Textiles,"Nadia Aqua/Navy 2'-2"" X 12'",,,Blue,NADINN-03AQNV22C0,$179.00,,X,X,X,X,X,X,X,X,X,X,X,X,Opening,,,,X,,,,,X,,,X,X,x,,,,X,,,,,,,,,X,,X,,X,,,,X,,,,$59.00
,,,Bhawan Textiles,"Nadia Aqua/Navy 2'-2"" X 12'",,,Blue,NADINN-07AQNV22C0,$179.00,,X,X,X,X,X,X,X,X,X,X,X,X,Opening,,,,X,,,,,X,,,X,X,X,,,,X,,,,,,,,,X,,X,,X,,,,X,,,,$59.00
,,,Bhawan Textiles,"Nadia Aqua/Navy 2'-2"" x 6'-0""",,,Blue,NADINN-03AQNV2260,$89.00,,X,X,X,X,X,X,X,X,X,X,X,X,Opening,,,,X,,,,,X,,,X,X,X,,,,X,,,,,,,,,X,,X,,X,,,,X,,,,$29.00
,,,Bhawan Textiles,"Nadia Aqua/Navy 2'-2"" x 6'-0""",,,Blue,NADINN-07AQNV2260,$89.00,,X,X,X,X,X,X,X,X,X,X,X,X,Opening,,,,X,,,,,X,,,X,X,x,,,,X,,,,,,,,,X,,X,,X,,,,X,,,,$29.00
,,,Bhawan Textiles,"Nadia Aqua/Navy 2'-2"" X 8'",,,Blue,NADINN-03AQNV2280,$129.00,,X,X,X,X,X,X,X,X,X,X,X,X,Opening,,,,X,,,,,X,,,X,X,X,,,,X,,,,,,,,,X,,X,,X,,,,X,,,,$40.00
,,,Bhawan Textiles,"Nadia Aqua/Navy 2'-2"" X 8'",,,Blue,NADINN-07AQNV2280,$129.00,,X,X,X,X,X,X,X,X,X,X,X,X,Opening,,,,X,,,,,X,,,X,X,X,,,,X,,,,,,,,,X,,X,,X,,,,X,,,,$40.00
,,,Bhawan Textiles,"Nadia Aqua/Navy 3'-0"" x 5'-0""",,,Blue,NADINN-03AQNV3050,$109.00,,X,X,X,X,X,X,X,X,X,X,X,X,Opening,,,,X,,,,,X,,,X,X,X,,,,X,,,,,,,,,X,,X,,X,,,,X,,,,$35.00
,,,Bhawan Textiles,"Nadia Aqua/Navy 3'-0"" x 5'-0""",,,Blue,NADINN-07AQNV3050,$109.00,,X,X,X,X,X,X,X,X,X,X,X,X,Opening,,,,X,,,,,X,,,X,X,X,,,,X,,,,,,,,,X,,X,,X,,,,X,,,,$35.00
,,,Bhawan Textiles,"Nadia Aqua/Navy 5'-1"" X 7'-7""",,,Blue,NADINN-03AQNV5177,$229.00,,X,X,X,X,X,X,X,X,X,X,X,X,Opening,,,,X,,,,,X,,,X,X,X,,,,X,,,,,,,,,X,,X,,X,,,,X,,,,$75.00
,,,Bhawan Textiles,"Nadia Aqua/Navy 5'-1"" X 7'-7""",,,Blue,NADINN-07AQNV5177,$229.00,,X,X,X,X,X,X,X,X,X,X,X,X,Opening,,,,X,,,,,X,,,X,X,X,,,,X,,,,,,,,,X,,X,,X,,,,X,,,,$75.00
,,,Bhawan Textiles,"Nadia Aqua/Navy 8'-0"" x 11'-0""",,,Blue,NADINN-03AQNV80B0,$589.00,,X,X,X,X,X,X,X,X,X,X,X,X,Mid,,,,X,,,,,X,,,X,X,X,,,,X,,,,,,,,,X,,X,,X,,,,X,,,,$195.00
,,,Bhawan Textiles,"Nadia Aqua/Navy 8'-0"" x 11'-0""",,,Blue,NADINN-07AQNV80B0,$589.00,,X,X,X,X,X,X,X,X,X,X,X,X,Mid,,,,X,,,,,X,,,X,X,X,,,,X,,,,,,,,,X,,X,,X,,,,X,,,,$195.00
,,,Bhawan Textiles,"Nadia Aqua/Navy 9'-0"" x 12'-0""",,,Blue,NADINN-03AQNV90C0,$839.00,,X,X,X,X,X,X,X,X,X,X,X,X,High,,,,X,,,,,X,,,X,X,X,,,,X,,,,,,,,,X,,X,,X,,,,X,,,,$279.00
,,,Bhawan Textiles,"Nadia Aqua/Navy 9'-0"" x 12'-0""",,,Blue,NADINN-07AQNV90C0,$839.00,,X,X,X,X,X,X,X,X,X,X,X,X,High,,,,X,,,,,X,,,X,X,X,,,,X,,,,,,,,,X,,X,,X,,,,X,,,,$279.00
,,,Bhawan Textiles,"Nadia Aqua/Pink 10'-0"" x 14'-0""",,,Blue,NADINN-03AQPIA0E0,"$1,109.00",,X,X,X,X,X,X,X,X,X,X,X,X,High,,,,X,,,,,X,,,X,X,X,,,,X,,,,,,,,,X,,X,,X,,,,X,,,,$369.00
,,,Bhawan Textiles,"Nadia Aqua/Pink 2'-2"" X 10'",,,Blue,NADINN-03AQPI22A0,$169.00,,X,X,X,X,X,X,X,X,X,X,X,X,Opening,,,,X,,,,,X,,,X,X,X,,,,X,,,,,,,,,X,,X,,X,,,,X,,,,$55.00
,,,Bhawan Textiles,"Nadia Aqua/Pink 2'-2"" X 12'",,,Blue,NADINN-03AQPI22C0,$179.00,,X,X,X,X,X,X,X,X,X,X,X,X,Opening,,,,X,,,,,X,,,X,X,X,,,,X,,,,,,,,,X,,X,,X,,,,X,,,,$59.00
,,,Bhawan Textiles,"Nadia Aqua/Pink 2'-2"" x 6'-0""",,,Blue,NADINN-03AQPI2260,$89.00,,X,X,X,X,X,X,X,X,X,X,X,X,Opening,,,,X,,,,,X,,,X,X,X,,,,X,,,,,,,,,X,,X,,X,,,,X,,,,$29.00
,,,Bhawan Textiles,"Nadia Aqua/Pink 2'-2"" X 8'",,,Blue,NADINN-03AQPI2280,$129.00,,X,X,X,X,X,X,X,X,X,X,X,X,Opening,,,,X,,,,,X,,,X,X,X,,,,X,,,,,,,,,X,,X,,X,,,,X,,,,$40.00
,,,Bhawan Textiles,"Nadia Aqua/Pink 3'-0"" x 5'-0""",,,Blue,NADINN-03AQPI3050,$109.00,,X,X,X,X,X,X,X,X,X,X,X,X,Opening,,,,X,,,,,X,,,X,X,X,,,,X,,,,,,,,,X,,X,,X,,,,X,,,,$35.00
,,,Bhawan Textiles,"Nadia Aqua/Pink 5'-1"" X 7'-7""",,,Blue,NADINN-03AQPI5177,$229.00,,X,X,X,X,X,X,X,X,X,X,X,X,Opening,,,,X,,,,,X,,,X,X,X,,,,X,,,,,,,,,X,,X,,X,,,,X,,,,$75.00
,,,Bhawan Textiles,"Nadia Aqua/Pink 8'-0"" x 11'-0""",,,Blue,NADINN-03AQPI80B0,$589.00,,X,X,X,X,X,X,X,X,X,X,X,X,Mid,,,,X,,,,,X,,,X,X,X,,,,X,,,,,,,,,X,,X,,X,,,,X,,,,$195.00
,,,Bhawan Textiles,"Nadia Aqua/Pink 9'-0"" x 12'-0""",,,Blue,NADINN-03AQPI90C0,$839.00,,X,X,X,X,X,X,X,X,X,X,X,X,High,,,,X,,,,,X,,,X,X,X,,,,X,,,,,,,,,X,,X,,X,,,,X,,,,$279.00
,,,Bhawan Textiles,"Nadia Blue/Fiesta 2'-7"" x 10'-0""",,,Blue,NOURNU-03BBFD27A0,$169.00,,X,X,X,X,X,X,X,X,X,X,X,X,Opening,,,,X,,,,,X,,,X,X,X,,,,X,,,,,,,,,X,,X,,X,,,,X,,,,$55.00
,,,Bhawan Textiles,"Nadia Blue/Fiesta 2'-7"" x 8'-0""",,,Blue,NOURNU-03BBFD2780,$129.00,,X,X,X,X,X,X,X,X,X,X,X,X,Opening,,,,X,,,,,X,,,X,X,X,,,,X,,,,,,,,,X,,X,,X,,,,X,,,,$40.00
,,,Bhawan Textiles,"Nadia Blue/Fiesta 5'-2"" X 7'-7""",,,Blue,NOURNU-03BBFD5277,$209.00,,X,X,X,X,X,X,X,X,X,X,X,X,Opening,,,,X,,,,,x,,,X,X,X,,,,X,,,,,,,,,X,,X,,X,,,,X,,,,$69.00
,,,Bhawan Textiles,"Nadia Blue/Fiesta 7'-9"" X 10'-6""",,,Blue,NOURNU-03BBFD79A6,$479.00,,X,X,X,X,X,X,X,X,X,X,X,X,Mid,,,,X,,,,,X,,,X,X,X,,,,X,,,,,,,,,X,,X,,X,,,,X,,,,$159.00
,,,Bhawan Textiles,"Nadia Blue/Fiesta 9' X 13'-3""",,,Blue,NOURNU-03BBFD90D3,$819.00,,X,X,X,X,X,X,X,X,X,X,X,X,High,,,,X,,,,,X,,,X,X,X,,,,X,,,,,,,,,X,,X,,X,,,,X,,,,$270.00
,,,Bhawan Textiles,"Nadia Blue/Midnight 10'-0"" x 14'-0""",,,Blue,NADINN-04BBMDA0E0,"$1,109.00",,X,X,X,X,X,X,X,X,X,X,X,X,High,,,,X,,,,,X,,,X,X,X,,,,X,,,,,,,,,X,,X,,X,,,,X,,,,$369.00
,,,Bhawan Textiles,"Nadia Blue/Midnight 2'-2"" X 10'",,,Blue,NADINN-04BBMD22A0,$169.00,,X,X,X,X,X,X,X,X,X,X,X,X,Opening,,,,X,,,,,X,,,X,X,X,,,,X,,,,,,,,,X,,X,,X,,,,X,,,,$55.00
,,,Bhawan Textiles,"Nadia Blue/Midnight 2'-2"" X 12'",,,Blue,NADINN-04BBMD22C0,$179.00,,X,X,X,X,X,X,X,X,X,X,X,X,Opening,,,,X,,,,,X,,,X,X,X,,,,X,,,,,,,,,X,,X,,X,,,,X,,,,$59.00
,,,Bhawan Textiles,"Nadia Blue/Midnight 2'-2"" x 6'-0""",,,Blue,NADINN-04BBMD2260,$89.00,,X,X,X,X,X,X,X,X,X,X,X,X,Opening,,,,X,,,,,X,,,X,X,X,,,,X,,,,,,,,,X,,X,,X,,,,X,,,,$29.00
,,,Bhawan Textiles,"Nadia Blue/Midnight 2'-2"" X 8'",,,Blue,NADINN-04BBMD2280,$129.00,,X,X,X,X,X,X,X,X,X,X,X,X,Opening,,,,X,,,,,X,,,X,X,X,,,,X,,,,,,,,,X,,X,,X,,,,X,,,,$40.00
,,,Bhawan Textiles,"Nadia Blue/Midnight 3'-0"" x 5'-0""",,,Blue,NADINN-04BBMD3050,$109.00,,X,X,X,X,X,X,X,X,X,X,X,X,Opening,,,,X,,,,,X,,,X,X,X,,,,X,,,,,,,,,X,,X,,X,,,,X,,,,$35.00
,,,Bhawan Textiles,"Nadia Blue/Midnight 5'-1"" X 7'-7""",,,Blue,NADINN-04BBMD5177,$229.00,,X,X,X,X,X,X,X,X,X,X,X,X,Opening,,,,X,,,,,X,,,X,X,X,,,,X,,,,,,,,,X,,X,,X,,,,X,,,,$75.00
,,,Bhawan Textiles,"Nadia Blue/Midnight 8'-0"" x 11'-0""",,,Blue,NADINN-04BBMD80B0,$589.00,,X,X,X,X,X,X,X,X,X,X,X,X,Mid,,,,X,,,,,X,,,X,X,X,,,,X,,,,,,,,,X,,X,,X,,,,X,,,,$195.00
,,,Bhawan Textiles,"Nadia Blue/Midnight 9'-0"" x 12'-0""",,,Blue,NADINN-04BBMD90C0,$839.00,,X,X,X,X,X,X,X,X,X,X,X,X,High,,,,X,,,,,X,,,X,X,X,,,,X,,,,,,,,,X,,X,,X,,,,X,,,,$279.00
,,,Bhawan Textiles,"Nadia Blue/Multi 2'-7"" x 10'-0""",,,Blue,NOURNU-02BBML27A0,$169.00,,X,X,X,X,X,X,X,X,X,X,X,X,Opening,,,,X,,,,,X,,,X,X,X,,,,X,,,,,,,,,X,,X,,X,,,,X,,,,$55.00
,,,Bhawan Textiles,"Nadia Blue/Multi 2'-7"" x 8'-0""",,,Blue,NOURNU-02BBML2780,$129.00,,X,X,X,X,X,X,X,X,X,X,X,X,Opening,,,,X,,,,,X,,,X,X,X,,,,X,,,,,,,,,X,,X,,X,,,,X,,,,$40.00
,,,Bhawan Textiles,"Nadia Blue/Multi 5'-2"" X 7'-7""",,,Blue,NOURNU-02BBML5277,$209.00,,X,X,X,X,X,X,X,X,X,X,X,X,Opening,,,,X,,,,,X,,,X,X,X,,,,X,,,,,,,,,X,,X,,X,,,,X,,,,$69.00
,,,Bhawan Textiles,"Nadia Blue/Multi 7'-9"" X 10'-6""",,,Blue,NOURNU-02BBML79A6,$479.00,,X,X,X,X,X,X,X,X,X,X,X,X,Mid,,,,X,,,,,X,,,X,X,X,,,,X,,,,,,,,,X,,X,,X,,,,X,,,,$159.00
,,,Bhawan Textiles,"Nadia Blue/Multi 9' X 13'-3""",,,Blue,NOURNU-02BBML90D3,$819.00,,X,X,X,X,X,X,X,X,X,X,X,X,High,,,,X,,,,,X,,,X,X,X,,,,X,,,,,,,,,X,,X,,X,,,,X,,,,$270.00
,,,Bhawan Textiles,"Nadia Ivory/Fiesta 10'-0"" x 14'-0""",,,Beige,NADINN-02IVFDA0E0,"$1,109.00",,X,X,X,X,X,X,X,X,X,X,X,X,High,,,,X,,,,,X,,,X,X,X,,,,X,,,,,,,,,X,,X,,X,,,,X,,,,$369.00
,,,Bhawan Textiles,"Nadia Ivory/Fiesta 2'-2"" X 10'",,,Beige,NADINN-02IVFD22A0,$169.00,,X,X,X,X,X,X,X,X,X,X,X,X,Opening,,,,X,,,,,X,,,X,X,X,,,,X,,,,,,,,,X,,X,,X,,,,X,,,,$55.00
,,,Bhawan Textiles,"Nadia Ivory/Fiesta 2'-2"" X 12'",,,Beige,NADINN-02IVFD22C0,$179.00,,X,X,X,X,X,X,X,X,X,X,X,X,Opening,,,,X,,,,,X,,,X,X,X,,,,X,,,,,,,,,X,,X,,X,,,,X,,,,$59.00
,,,Bhawan Textiles,"Nadia Ivory/Fiesta 2'-2"" x 6'-0""",,,Beige,NADINN-02IVFD2260,$89.00,,X,X,X,X,X,X,X,X,X,X,X,X,Opening,,,,x,,,,,X,,,X,X,X,,,,X,,,,,,,,,X,,X,,X,,,,X,,,,$29.00
,,,Bhawan Textiles,"Nadia Ivory/Fiesta 2'-2"" X 8'",,,Beige,NADINN-02IVFD2280,$129.00,,X,X,X,X,X,X,X,X,X,X,X,X,Opening,,,,X,,,,,X,,,X,X,X,,,,X,,,,,,,,,X,,X,,X,,,,X,,,,$40.00
,,,Bhawan Textiles,"Nadia Ivory/Fiesta 3'-0"" x 5'-0""",,,Beige,NADINN-02IVFD3050,$109.00,,X,X,X,X,X,X,X,X,X,X,X,X,Opening,,,,X,,,,,X,,,X,X,X,,,,X,,,,,,,,,X,,X,,X,,,,X,,,,$35.00
,,,Bhawan Textiles,"Nadia Ivory/Fiesta 5'-1"" X 7'-7""",,,Beige,NADINN-02IVFD5177,$229.00,,X,X,X,X,X,X,X,X,X,X,X,X,Opening,,,,X,,,,,X,,,X,X,X,,,,X,,,,,,,,,X,,X,,X,,,,X,,,,$75.00
,,,Bhawan Textiles,"Nadia Ivory/Fiesta 8'-0"" x 11'-0""",,,Beige,NADINN-02IVFD80B0,$589.00,,X,X,X,X,X,X,X,X,X,X,X,X,Mid,,,,x,,,,,X,,,X,X,X,,,,X,,,,,,,,,X,,X,,X,,,,X,,,,$195.00
,,,Bhawan Textiles,"Nadia Ivory/Fiesta 9'-0"" x 12'-0""",,,Beige,NADINN-02IVFD90C0,$839.00,,X,X,X,X,X,X,X,X,X,X,X,X,High,,,,x,,,,,X,,,X,X,X,,,,X,,,,,,,,,X,,X,,X,,,,X,,,,$279.00
,,,Bhawan Textiles,"Nadia Ivory/Multi 10'-0"" x 14'-0""",,,Beige,NADINN-01IVMLA0E0,"$1,109.00",,X,X,X,X,X,X,X,X,X,X,X,X,High,,,,X,,,,,X,,,X,X,X,,,,X,,,,,,,,,X,,X,,X,,,,X,,,,$369.00
,,,Bhawan Textiles,"Nadia Ivory/Multi 2'-2"" X 10'",,,Beige,NADINN-01IVML22A0,$169.00,,X,X,X,X,X,X,X,X,X,X,X,X,Opening,,,,X,,,,,X,,,X,X,X,,,,X,,,,,,,,,X,,X,,X,,,,X,,,,$55.00
,,,Bhawan Textiles,"Nadia Ivory/Multi 2'-2"" X 12'",,,Beige,NADINN-01IVML22C0,$179.00,,X,X,X,X,X,X,X,X,X,X,X,X,Opening,,,,X,,,,,X,,,X,X,X,,,,X,,,,,,,,,X,,X,,X,,,,X,,,,$59.00
,,,Bhawan Textiles,"Nadia Ivory/Multi 2'-2"" x 6'-0""",,,Beige,NADINN-01IVML2260,$89.00,,X,X,X,X,X,X,X,X,X,X,X,X,Opening,,,,X,,,,,X,,,X,X,X,,,,X,,,,,,,,,X,,X,,X,,,,X,,,,$29.00
,,,Bhawan Textiles,"Nadia Ivory/Multi 2'-2"" X 8'",,,Beige,NADINN-01IVML2280,129.00,,X,X,X,X,X,X,X,X,X,X,X,X,Opening,,,,X,,,,,X,,,X,X,X,,,,X,,,,,,,,,X,,X,,X,,,,X,,,,$40.00
,,,Bhawan Textiles,"Nadia Ivory/Multi 3'-0"" x 5'-0""",,,Beige,NADINN-01IVML3050,$109.00,,X,X,X,X,X,X,X,X,X,X,X,X,Opening,,,,X,,,,,X,,,X,X,X,,,,X,,,,,,,,,X,,X,,X,,,,X,,,,$35.00
,,,Bhawan Textiles,"Nadia Ivory/Multi 5'-1"" X 7'-7""",,,Beige,NADINN-01IVML5177,$229.00,,X,X,X,X,X,X,X,X,X,X,X,X,Opening,,,,X,,,,,X,,,X,X,X,,,,X,,,,,,,,,X,,X,,X,,,,X,,,,$75.00
,,,Bhawan Textiles,"Nadia Ivory/Multi 8'-0"" x 11'-0""",,,Beige,NADINN-01IVML80B0,$589.00,,X,X,X,X,X,X,X,X,X,X,X,X,Mid,,,,X,,,,,X,,,X,X,X,,,,X,,,,,,,,,X,,X,,X,,,,X,,,,$195.00
,,,Bhawan Textiles,"Nadia Ivory/Multi 9'-0"" x 12'-0""",,,Beige,NADINN-01IVML90C0,$839.00,,X,X,X,X,X,X,X,X,X,X,X,X,High,,,,X,,,,,X,,,X,X,X,,,,X,,,,,,,,,X,,X,,X,,,,X,,,,$279.00
,,,Bhawan Textiles,"Nadia Ivory/Pink 10'-0"" x 14'-0""",,,Beige,NADINN-02IVPIA0E0,"$1,109.00",,X,X,X,X,X,X,X,X,X,X,X,X,High,,,,X,,,,,X,,,X,X,X,,,,X,,,,,,,,,X,,X,,X,,,,X,,,,$369.00
,,,Bhawan Textiles,"Nadia Ivory/Pink 2'-2"" X 10'",,,Beige,NADINN-02IVPI22A0,$169.00,,X,X,X,X,X,X,X,X,X,X,X,X,Opening,,,,X,,,,,X,,,X,X,X,,,,X,,,,,,,,,X,,X,,X,,,,X,,,,$55.00
,,,Bhawan Textiles,"Nadia Ivory/Pink 2'-2"" X 12'",,,Beige,NADINN-02IVPI22C0,$179.00,,X,X,X,X,X,X,X,X,X,X,X,X,Opening,,,,X,,,,,X,,,X,X,X,,,,X,,,,,,,,,X,,X,,X,,,,X,,,,$59.00
,,,Bhawan Textiles,"Nadia Ivory/Pink 2'-2"" x 6'-0""",,,Beige,NADINN-02IVPI2260,$89.00,,X,X,X,X,X,X,X,X,X,X,X,X,Opening,,,,X,,,,,X,,,X,X,X,,,,X,,,,,,,,,X,,X,,X,,,,X,,,,$29.00
,,,Bhawan Textiles,"Nadia Ivory/Pink 2'-2"" X 8'",,,Beige,NADINN-02IVPI2280,$129.00,,X,X,X,X,X,X,X,X,X,X,X,X,Opening,,,,X,,,,,X,,,X,X,X,,,,X,,,,,,,,,X,,X,,X,,,,X,,,,$40.00
,,,Bhawan Textiles,"Nadia Ivory/Pink 3'-0"" x 5'-0""",,,Beige,NADINN-02IVPI3050,$109.00,,X,X,X,X,X,X,X,X,X,X,X,X,Opening,,,,X,,,,,X,,,X,X,X,,,,X,,,,,,,,,X,,X,,X,,,,X,,,,$35.00
,,,Bhawan Textiles,"Nadia Ivory/Pink 5'-1"" X 7'-7""",,,Beige,NADINN-02IVPI5177,$229.00,,X,X,X,X,X,X,X,X,X,X,X,X,Opening,,,,X,,,,,X,,,X,X,X,,,,X,,,,,,,,,X,,X,,X,,,,X,,,,75.00
,,,Bhawan Textiles,"Nadia Ivory/Pink 8'-0"" x 11'-0""",,,Beige,NADINN-02IVPI80B0,$589.00,,X,X,X,X,X,X,X,X,X,X,X,X,Mid,,,,X,,,,,X,,,X,X,X,,,,X,,,,,,,,,X,,X,,X,,,,X,,,,$195.00
,,,Bhawan Textiles,"Nadia Ivory/Pink 9'-0"" x 12'-0""",,,Beige,NADINN-02IVPI90C0,$839.00,,X,X,X,X,X,X,X,X,X,X,X,X,High,,,,X,,,,,X,,,X,X,X,,,,X,,,,,,,,,X,,X,,X,,,,X,,,,$279.00
,,,Bhawan Textiles,"Nadia Lava/Navy 2'-7"" x 10'-0""",,,Blue,NOURNU-01LXNV27A0,$169.00,,X,X,X,X,X,X,X,X,X,X,X,X,Opening,,,,X,,,,,X,,,X,X,X,,,,X,,,,,,,,,X,,X,,X,,,,X,,,,$55.00
,,,Bhawan Textiles,"Nadia Lava/Navy 2'-7"" x 8'-0""",,,Blue,NOURNU-01LXNV2780,$129.00,,X,X,X,X,X,X,X,X,X,X,X,X,Opening,,,,X,,,,,X,,,X,X,X,,,,X,,,,,,,,,X,,X,,X,,,,X,,,,$40.00
,,,Bhawan Textiles,"Nadia Lava/Navy 5'-2"" X 7'-7""",,,Blue,NOURNU-01LXNV5277,$209.00,,X,X,X,X,X,X,X,X,X,X,X,X,Opening,,,,X,,,,,X,,,X,X,X,,,,X,,,,,,,,,X,,X,,X,,,,X,,,,$69.00
,,,Bhawan Textiles,"Nadia Lava/Navy 7'-9"" X 10'-6""",,,Blue,NOURNU-01LXNV79A6,$479.00,,X,X,X,X,X,X,X,X,X,X,X,X,Mid,,,,X,,,,,X,,,X,X,X,,,,X,,,,,,,,,X,,X,,X,,,,X,,,,$159.00
,,,Bhawan Textiles,"Nadia Lava/Navy 9' X 13'-3""",,,Blue,NOURNU-01LXNV90D3,$819.00,,X,X,X,X,X,X,X,X,X,X,X,X,High,,,,X,,,,,X,,,X,X,X,,,,X,,,,,,,,,X,,X,,X,,,,X,,,,$270.00
,,,Bhawan Textiles,"Nadia Midnight/Pink 10'-0"" x 14'-0""",,,Pink,NADINN-06MDPIA0E0,"$1,109.00",,X,X,X,X,X,X,X,X,X,X,X,X,High,,,,X,,,,,X,,,X,X,X,,,,X,,,,,,,,,X,,X,,X,,,,X,,,,$369.00
,,,Bhawan Textiles,"Nadia Midnight/Pink 2'-2"" X 10'",,,Pink,NADINN-06MDPI22A0,$169.00,,X,X,X,X,X,X,X,X,X,X,X,X,Opening,,,,X,,,,,X,,,X,X,X,,,,X,,,,,,,,,X,,X,,X,,,,X,,,,$55.00
,,,Bhawan Textiles,"Nadia Midnight/Pink 2'-2"" X 12'",,,Pink,NADINN-06MDPI22C0,$179.00,,X,X,X,X,X,X,X,X,X,X,X,X,Opening,,,,X,,,,,X,,,X,X,X,,,,X,,,,,,,,,X,,X,,X,,,,X,,,,$59.00
,,,Bhawan Textiles,"Nadia Midnight/Pink 2'-2"" x 6'-0""",,,Pink,NADINN-06MDPI2260,$89.00,,X,X,X,X,X,X,X,X,X,X,X,X,Opening,,,,X,,,,,X,,,X,X,X,,,,X,,,,,,,,,X,,X,,X,,,,X,,,,$29.00
,,,Bhawan Textiles,"Nadia Midnight/Pink 2'-2"" X 8'",,,Pink,NADINN-06MDPI2280,$129.00,,X,X,X,X,X,X,X,X,X,X,X,X,Opening,,,,X,,,,,X,,,X,X,X,,,,X,,,,,,,,,X,,X,,X,,,,X,,,,$40.00
,,,Bhawan Textiles,"Nadia Midnight/Pink 3'-0"" x 5'-0""",,,Pink,NADINN-06MDPI3050,$109.00,,X,X,X,X,X,X,X,X,X,X,X,X,Opening,,,,X,,,,,X,,,X,X,X,,,,X,,,,,,,,,X,,X,,X,,,,X,,,,$35.00
,,,Bhawan Textiles,"Nadia Midnight/Pink 5'-1"" X 7'-7""",,,Pink,NADINN-06MDPI5177,$229.00,,X,X,X,X,X,X,X,X,X,X,X,X,Opening,,,,X,,,,,X,,,X,X,X,,,,X,,,,,,,,,X,,X,,X,,,,X,,,,$75.00
,,,Bhawan Textiles,"Nadia Midnight/Pink 8'-0"" x 11'-0""",,,Pink,NADINN-06MDPI80B0,$589.00,,X,X,X,X,X,X,X,X,X,X,X,X,Mid,,,,X,,,,,X,,,X,X,X,,,,X,,,,,,,,,X,,X,,X,,,,X,,,,$195.00
,,,Bhawan Textiles,"Nadia Midnight/Pink 9'-0"" x 12'-0""",,,Pink,NADINN-06MDPI90C0,$839.00,,X,X,X,X,X,X,X,X,X,X,X,X,High,,,,X,,,,,X,,,X,X,X,,,,X,,,,,,,,,X,,X,,X,,,,X,,,,$279.00
,,,Bhawan Textiles,"Nadia Multi 10'-0"" x 14'-0""",,,Beige,NADINN-08ML00A0E0,"$1,109.00",,X,X,X,X,X,X,X,X,X,X,X,X,High,,,,X,,,,,X,,,X,X,X,,,,X,,,,,,,,,X,,X,,X,,,,X,,,,$369.00
,,,Bhawan Textiles,"Nadia Multi 2'-2"" X 10'",,,Beige,NADINN-08ML0022A0,$169.00,,X,X,X,X,X,X,X,X,X,X,X,X,Opening,,,,X,,,,,X,,,X,X,X,,,,X,,,,,,,,,X,,X,,X,,,,X,,,,$55.00
,,,Bhawan Textiles,"Nadia Multi 2'-2"" X 12'",,,Beige,NADINN-08ML0022C0,$179.00,,X,X,X,X,X,X,X,X,X,X,X,X,Opening,,,,X,,,,,X,,,X,X,X,,,,X,,,,,,,,,X,,X,,X,,,,X,,,,$59.00
,,,Bhawan Textiles,"Nadia Multi 2'-2"" x 6'-0""",,,Beige,NADINN-08ML002260,$89.00,,X,X,X,X,X,X,X,X,X,X,X,X,Opening,,,,X,,,,,X,,,X,X,X,,,,X,,,,,,,,,X,,X,,X,,,,X,,,,$29.00
,,,Bhawan Textiles,"Nadia Multi 2'-2"" X 8'",,,Beige,NADINN-08ML002280,$129.00,,X,X,X,X,X,X,X,X,X,X,X,X,Opening,,,,X,,,,,X,,,X,X,X,,,,X,,,,,,,,,X,,X,,X,,,,X,,,,$40.00
,,,Bhawan Textiles,"Nadia Multi 3'-0"" x 5'-0""",,,Beige,NADINN-08ML003050,$109.00,,X,X,X,X,X,X,X,X,X,X,X,X,Opening,,,,X,,,,,X,,,X,X,X,,,,X,,,,,,,,,X,,X,,X,,,,X,,,,$35.00
,,,Bhawan Textiles,"Nadia Multi 5'-1"" X 7'-7""",,,Beige,NADINN-08ML005177,$229.00,,X,X,X,X,X,X,X,X,X,X,X,X,Opening,,,,X,,,,,X,,,X,X,X,,,,X,,,,,,,,,X,,X,,X,,,,X,,,,$75.00
,,,Bhawan Textiles,"Nadia Multi 8'-0"" x 11'-0""",,,Beige,NADINN-08ML0080B0,$589.00,,X,X,X,X,X,X,X,X,X,X,X,X,Mid,,,,X,,,,,X,,,X,X,X,,,,X,,,,,,,,,X,,X,,X,,,,X,,,,$195.00
,,,Bhawan Textiles,"Nadia Multi 9'-0"" x 12'-0""",,,Beige,NADINN-08ML0090C0,$839.00,,X,X,X,X,X,X,X,X,X,X,X,X,High,,,,X,,,,,X,,,X,X,X,,,,X,,,,,,,,,X,,X,,X,,,,X,,,,$279.00
,,,Bhawan Textiles,"Nadia Ocean/Fire 2'-7"" x 10'-0""",,,Red,NOURNU-06OCFI27A0,$169.00,,X,X,X,X,X,X,X,X,X,X,X,X,Opening,,,,X,,,,,X,,,X,X,X,,,,X,,,,,,,,,X,,X,,X,,,,X,,,,$55.00
,,,Bhawan Textiles,"Nadia Ocean/Fire 2'-7"" x 8'-0""",,,Red,NOURNU-06OCFI2780,$129.00,,X,X,X,X,X,X,X,X,X,X,X,X,Opening,,,,X,,,,,X,,,X,X,X,,,,X,,,,,,,,,X,,X,,X,,,,X,,,,$40.00
,,,Bhawan Textiles,"Nadia Ocean/Fire 5'-2"" X 7'-7""",,,Red,NOURNU-06OCFI5277,$209.00,,X,X,X,X,X,X,X,X,X,X,X,X,Opening,,,,X,,,,,X,,,X,X,X,,,,X,,,,,,,,,X,,X,,X,,,,X,,,,$69.00
,,,Bhawan Textiles,"Nadia Ocean/Fire 7'-9"" X 10'-6""",,,Red,NOURNU-06OCFI79A6,$479.00,,X,X,X,X,X,X,X,X,X,X,X,X,Mid,,,,X,,,,,X,,,X,X,x,,,,X,,,,,,,,,X,,X,,X,,,,X,,,,$159.00
,,,Bhawan Textiles,"Nadia Ocean/Fire 9' X 13'-3""",,,Red,NOURNU-06OCFI90D3,$819.00,,X,X,X,X,X,X,X,X,X,X,X,X,High,,,,X,,,,,X,,,X,X,X,,,,X,,,,,,,,,X,,X,,X,,,,X,,,,$270.00
,,,Bhawan Textiles,"Nadia Pink/Midnight 10'-0"" x 14'-0""",,,Pink,NADINN-04PIMDA0E0,"$1,109.00",,X,X,X,X,X,X,X,X,X,X,X,X,High,,,,X,,,,,X,,,X,X,X,,,,X,,,,,,,,,X,,X,,X,,,,X,,,,$369.00
,,,Bhawan Textiles,"Nadia Pink/Midnight 2'-2"" X 10'",,,Pink,NADINN-04PIMD22A0,$169.00,,X,X,X,X,X,X,X,X,X,X,X,X,Opening,,,,X,,,,,X,,,X,X,X,,,,X,,,,,,,,,X,,X,,X,,,,X,,,,$55.00
,,,Bhawan Textiles,"Nadia Pink/Midnight 2'-2"" X 12'",,,Pink,NADINN-04PIMD22C0,$179.00,,X,X,X,X,X,X,X,X,X,X,X,X,Opening,,,,X,,,,,X,,,X,X,X,,,,X,,,,,,,,,X,,X,,X,,,,X,,,,$59.00
,,,Bhawan Textiles,"Nadia Pink/Midnight 2'-2"" x 6'-0""",,,Pink,NADINN-04PIMD2260,$89.00,,X,X,X,X,X,X,X,X,X,X,X,X,Opening,,,,X,,,,,X,,,X,X,X,,,,X,,,,,,,,,X,,X,,X,,,,X,,,,$29.00
,,,Bhawan Textiles,"Nadia Pink/Midnight 2'-2"" X 8'",,,Pink,NADINN-04PIMD2280,$129.00,,X,X,X,X,X,X,X,X,X,X,X,X,Opening,,,,X,,,,,X,,,X,X,X,,,,X,,,,,,,,,X,,X,,X,,,,X,,,,$40.00
,,,Bhawan Textiles,"Nadia Pink/Midnight 3'-0"" x 5'-0""",,,Pink,NADINN-04PIMD3050,$109.00,,X,X,X,X,X,X,X,X,X,X,X,X,Opening,,,,X,,,,,X,,,X,X,X,,,,X,,,,,,,,,X,,X,,X,,,,X,,,,$35.00
,,,Bhawan Textiles,"Nadia Pink/Midnight 5'-1"" X 7'-7""",,,Pink,NADINN-04PIMD5177,$229.00,,X,X,X,X,X,X,X,X,X,X,X,X,Opening,,,,X,,,,,X,,,X,X,X,,,,X,,,,,,,,,X,,X,,X,,,,X,,,,$75.00
,,,Bhawan Textiles,"Nadia Pink/Midnight 8'-0"" x 11'-0""",,,Pink,NADINN-04PIMD80B0,$589.00,,X,X,X,X,X,X,X,X,X,X,X,X,Mid,,,,X,,,,,X,,,X,X,X,,,,X,,,,,,,,,X,,X,,X,,,,X,,,,$195.00
,,,Bhawan Textiles,"Nadia Pink/Midnight 9'-0"" x 12'-0""",,,Pink,NADINN-04PIMD90C0,$839.00,,X,X,X,X,X,X,X,X,X,X,X,X,High,,,,X,,,,,X,,,X,X,X,,,,X,,,,,,,,,X,,X,,X,,,,X,,,,$279.00
,,,Bhawan Textiles,"Nadia Pink/Multi 10'-0"" x 14'-0""",,,Pink,NADINN-05PIMLA0E0,"$1,109.00",,X,X,X,X,X,X,X,X,X,X,X,X,High,,,,X,,,,,X,,,X,X,X,,,,X,,,,,,,,,X,,X,,X,,,,X,,,,$369.00
,,,Bhawan Textiles,"Nadia Pink/Multi 2'-2"" X 10'",,,Pink,NADINN-05PIML22A0,$169.00,,X,X,X,X,X,X,X,X,X,X,X,X,Opening,,,,X,,,,,X,,,X,X,X,,,,X,,,,,,,,,X,,X,,X,,,,X,,,,$55.00
,,,Bhawan Textiles,"Nadia Pink/Multi 2'-2"" X 12'",,,Pink,NADINN-05PIML22C0,$179.00,,X,X,X,X,X,X,X,X,X,X,X,X,Opening,,,,X,,,,,X,,,X,X,X,,,,X,,,,,,,,,X,,X,,X,,,,X,,,,$59.00
,,,Bhawan Textiles,"Nadia Pink/Multi 2'-2"" x 6'-0""",,,Pink,NADINN-05PIML2260,$89.00,,X,X,X,X,X,X,X,X,X,X,X,X,Opening,,,,X,,,,,X,,,X,X,X,,,,X,,,,,,,,,X,,X,,X,,,,X,,,,$29.00
,,,Bhawan Textiles,"Nadia Pink/Multi 2'-2"" X 8'",,,Pink,NADINN-05PIML2280,$129.00,,X,X,X,X,X,X,X,X,X,X,X,X,Opening,,,,X,,,,,X,,,X,X,X,,,,X,,,,,,,,,X,,X,,X,,,,X,,,,$40.00
,,,Bhawan Textiles,"Nadia Pink/Multi 3'-0"" x 5'-0""",,,Pink,NADINN-05PIML3050,$109.00,,X,X,X,X,X,X,X,X,X,X,X,X,Opening,,,,X,,,,,X,,,X,X,X,,,,X,,,,,,,,,X,,X,,X,,,,X,,,,$35.00
,,,Bhawan Textiles,"Nadia Pink/Multi 5'-1"" X 7'-7""",,,Pink,NADINN-05PIML5177,$229.00,,X,X,X,X,X,X,X,X,X,X,X,X,Opening,,,,X,,,,,X,,,X,X,X,,,,X,,,,,,,,,X,,X,,X,,,,X,,,,$75.00
,,,Bhawan Textiles,"Nadia Pink/Multi 8'-0"" x 11'-0""",,,Pink,NADINN-05PIML80B0,$589.00,,X,X,X,X,X,X,X,X,X,X,X,X,Mid,,,,X,,,,,X,,,X,X,X,,,,X,,,,,,,,,X,,X,,X,,,,X,,,,$195.00
,,,Bhawan Textiles,"Nadia Pink/Multi 9'-0"" x 12'-0""",,,Pink,NADINN-05PIML90C0,$839.00,,X,X,X,X,X,X,X,X,X,X,X,X,High,,,,X,,,,,X,,,X,X,X,,,,X,,,,,,,,,X,,X,,X,,,,X,,,,$279.00
,,,Bhawan Textiles,"Nadia Red/Navy 2'-7"" x 10'-0""",,,Red,NOURNU-05RENV27A0,$169.00,,X,X,X,X,X,X,X,X,X,X,X,X,Opening,,,,X,,,,,X,,,X,X,X,,,,X,,,,,,,,,X,,X,,X,,,,X,,,,$55.00
,,,Bhawan Textiles,"Nadia Red/Navy 2'-7"" x 8'-0""",,,Red,NOURNU-05RENV2780,$129.00,,X,X,X,X,X,X,X,X,X,X,X,X,Opening,,,,X,,,,,X,,,X,X,X,,,,X,,,,,,,,,X,,X,,X,,,,X,,,,$40.00
,,,Bhawan Textiles,"Nadia Red/Navy 5'-2"" X 7'-7""",,,Red,NOURNU-05RENV5277,$209.00,,X,X,X,X,X,X,X,X,X,X,X,X,Opening,,,,X,,,,,X,,,X,X,X,,,,X,,,,,,,,,X,,X,,X,,,,X,,,,$69.00
,,,Bhawan Textiles,"Nadia Red/Navy 7'-9"" X 10'-6""",,,Red,NOURNU-05RENV79A6,$479.00,,X,X,X,X,X,X,X,X,X,X,X,X,Mid,,,,X,,,,,X,,,X,X,X,,,,X,,,,,,,,,X,,X,,X,,,,X,,,,$159.00
,,,Bhawan Textiles,"Nadia Red/Navy 9' X 13'-3""",,,Red,NOURNU-05RENV90D3,$819.00,,X,X,X,X,X,X,X,X,X,X,X,X,High,,,,X,,,,,X,,,X,X,X,,,,X,,,,,,,,,X,,X,,X,,,,X,,,,$270.00
,,,Bhawan Textiles,"Nadia Smoke/Slate 10'-0"" x 14'-0""",,,Grey,NADINN-07SKSLA0E0,"$1,109.00",,X,X,X,X,X,X,X,X,X,X,X,X,High,,,,X,,,,,X,,,X,X,X,,,,X,,,,,,,,,X,,X,,X,,,,X,,,,$369.00
,,,Bhawan Textiles,"Nadia Smoke/Slate 2'-2"" X 10'",,,Grey,NADINN-07SKSL22A0,$169.00,,X,X,X,X,X,X,X,X,X,X,X,X,Opening,,,,X,,,,,X,,,X,X,X,,,,X,,,,,,,,,X,,X,,X,,,,X,,,,$55.00
,,,Bhawan Textiles,"Nadia Smoke/Slate 2'-2"" X 12'",,,Grey,NADINN-07SKSL22C0,$179.00,,X,X,X,X,X,X,X,X,X,X,X,X,Opening,,,,X,,,,,X,,,X,X,X,,,,X,,,,,,,,,X,,X,,X,,,,X,,,,$59.00
,,,Bhawan Textiles,"Nadia Smoke/Slate 2'-2"" x 6'-0""",,,Grey,NADINN-07SKSL2260,$89.00,,X,X,X,X,X,X,X,X,X,X,X,X,Opening,,,,X,,,,,X,,,X,X,X,,,,X,,,,,,,,,X,,X,,X,,,,X,,,,$29.00
,,,Bhawan Textiles,"Nadia Smoke/Slate 2'-2"" X 8'",,,Grey,NADINN-07SKSL2280,$129.00,,X,X,X,X,X,X,X,X,X,X,X,X,Opening,,,,X,,,,,X,,,X,X,X,,,,X,,,,,,,,,X,,X,,X,,,,X,,,,$40.00
,,,Bhawan Textiles,"Nadia Smoke/Slate 3'-0"" x 5'-0""",,,Grey,NADINN-07SKSL3050,$109.00,,X,X,X,X,X,X,X,X,X,X,X,X,Opening,,,,X,,,,,X,,,X,X,X,,,,X,,,,,,,,,X,,X,,X,,,,X,,,,$35.00
,,,Bhawan Textiles,"Nadia Smoke/Slate 5'-1"" X 7'-7""",,,Grey,NADINN-07SKSL5177,$229.00,,X,X,X,X,X,X,X,X,X,X,X,X,Opening,,,,X,,,,,X,,,X,X,X,,,,X,,,,,,,,,X,,X,,X,,,,X,,,,$75.00
,,,Bhawan Textiles,"Nadia Smoke/Slate 8'-0"" x 11'-0""",,,Grey,NADINN-07SKSL80B0,$589.00,,X,X,X,X,X,X,X,X,X,X,X,X,Mid,,,,X,,,,,X,,,X,X,X,,,,X,,,,,,,,,X,,X,,X,,,,X,,,,$195.00
,,,Bhawan Textiles,"Nadia Smoke/Slate 9'-0"" x 12'-0""",,,Grey,NADINN-07SKSL90C0,$839.00,,X,X,X,X,X,X,X,X,X,X,X,X,High,,,,X,,,,,X,,,X,X,X,,,,X,,,,,,,,,X,,X,,X,,,,X,,,,$279.00
,,,Bhawan Textiles,"Nadia Stone/Multi 2'-7"" x 10'-0""",,,Grey,NOURNU-04SNML27A0,$169.00,,X,X,X,X,X,X,X,X,X,X,X,X,Opening,,,,X,,,,,X,,,X,X,X,,,,X,,,,,,,,,X,,X,,X,,,,X,,,,$55.00
,,,Bhawan Textiles,"Nadia Stone/Multi 2'-7"" x 8'-0""",,,Grey,NOURNU-04SNML2780,$129.00,,X,X,X,X,X,X,X,X,X,X,X,X,Opening,,,,X,,,,,x,,,X,X,X,,,,X,,,,,,,,,X,,X,,X,,,,X,,,,$40.00
,,,Bhawan Textiles,"Nadia Stone/Multi 5'-2"" X 7'-7""",,,Grey,NOURNU-04SNML5277,$209.00,,X,X,X,X,X,X,X,X,X,X,X,X,Opening,,,,X,,,,,X,,,X,X,X,,,,X,,,,,,,,,X,,X,,X,,,,X,,,,$69.00
,,,Bhawan Textiles,"Nadia Stone/Multi 7'-9"" X 10'-6""",,,Grey,NOURNU-04SNML79A6,$479.00,,X,X,X,X,X,X,X,X,X,X,X,X,Mid,,,,X,,,,,X,,,X,X,X,,,,X,,,,,,,,,X,,X,,X,,,,X,,,,$159.00
,,,Bhawan Textiles,"Nadia Stone/Multi 9' X 13'-3""",,,Grey,NOURNU-04SNML90D3,$819.00,,X,X,X,X,X,X,X,X,X,X,X,X,High,,,,X,,,,,X,,,X,X,X,,,,X,,,,,,,,,X,,X,,X,,,,X,,,,$270.00